tourCount, initScore, optScore, bestScore, sec
1 ,52.9977 ,8.38451 ,8.38451 ,0.059965
2 ,55.0357 ,8.64004 ,8.38451 ,0.128984
3 ,57.01 ,8.52658 ,8.38451 ,0.202041
4 ,54.5399 ,8.88004 ,8.38451 ,0.269354
5 ,58.8076 ,8.46856 ,8.38451 ,0.346339
6 ,53.7142 ,8.76896 ,8.38451 ,0.408286
7 ,58.1893 ,8.8135 ,8.38451 ,0.485263
8 ,58.4539 ,8.81272 ,8.38451 ,0.560454
9 ,56.8324 ,8.26408 ,8.26408 ,0.628588
10 ,53.7689 ,8.29707 ,8.26408 ,0.691852
11 ,56.4153 ,8.97102 ,8.26408 ,0.762177
12 ,52.3536 ,8.41922 ,8.26408 ,0.821425
13 ,58.6042 ,8.50156 ,8.26408 ,0.893841
14 ,55.101 ,8.80629 ,8.26408 ,0.963602
15 ,58.0413 ,8.34744 ,8.26408 ,1.04124
16 ,57.162 ,8.3394 ,8.26408 ,1.11043
17 ,55.8715 ,8.85261 ,8.26408 ,1.1792
18 ,52.5812 ,8.48874 ,8.26408 ,1.2377
19 ,55.3884 ,8.66452 ,8.26408 ,1.30467
20 ,52.9756 ,8.65101 ,8.26408 ,1.36386
21 ,52.571 ,8.57158 ,8.26408 ,1.43106
22 ,57.0044 ,8.53068 ,8.26408 ,1.50802
23 ,55.8428 ,8.56022 ,8.26408 ,1.58204
24 ,55.2634 ,8.62925 ,8.26408 ,1.65164
25 ,54.7208 ,8.5027 ,8.26408 ,1.72221
26 ,56.367 ,8.34935 ,8.26408 ,1.79006
27 ,58.5627 ,8.47817 ,8.26408 ,1.86399
28 ,58.5941 ,8.55531 ,8.26408 ,1.94526
29 ,56.6993 ,8.55059 ,8.26408 ,2.02095
30 ,57.6382 ,8.9146 ,8.26408 ,2.09536
31 ,56.9298 ,8.75852 ,8.26408 ,2.16812
32 ,54.6646 ,8.68118 ,8.26408 ,2.22967
33 ,60.6386 ,8.62255 ,8.26408 ,2.31162
34 ,53.0687 ,8.25595 ,8.25595 ,2.37519
35 ,54.7333 ,8.22944 ,8.22944 ,2.44011
36 ,54.4232 ,8.42636 ,8.22944 ,2.50257
37 ,54.9534 ,8.64555 ,8.22944 ,2.56448
38 ,58.653 ,8.62034 ,8.22944 ,2.64467
39 ,62.6502 ,8.58015 ,8.22944 ,2.73525
40 ,61.1674 ,8.67753 ,8.22944 ,2.81963
41 ,56.012 ,8.38176 ,8.22944 ,2.88991
42 ,55.5308 ,8.58588 ,8.22944 ,2.95299
43 ,57.7718 ,8.64757 ,8.22944 ,3.02569
44 ,50.8674 ,8.33429 ,8.22944 ,3.08275
45 ,51.0462 ,8.77351 ,8.22944 ,3.13474
46 ,51.8991 ,8.71296 ,8.22944 ,3.19143
47 ,52.6914 ,9.0178 ,8.22944 ,3.24903
48 ,57.2482 ,8.22902 ,8.22902 ,3.31568
49 ,55.5074 ,8.09735 ,8.09735 ,3.37722
50 ,53.3321 ,8.47022 ,8.09735 ,3.43501
51 ,52.0769 ,8.82942 ,8.09735 ,3.49498
52 ,56.1556 ,8.20119 ,8.09735 ,3.56389
53 ,57.4525 ,8.29045 ,8.09735 ,3.63615
54 ,59.8845 ,8.72915 ,8.09735 ,3.71173
55 ,54.096 ,8.62559 ,8.09735 ,3.77177
56 ,58.7926 ,8.84325 ,8.09735 ,3.84943
57 ,55.2401 ,8.46495 ,8.09735 ,3.91381
58 ,56.3372 ,8.75092 ,8.09735 ,3.98238
59 ,55.8956 ,8.88803 ,8.09735 ,4.05324
60 ,57.7957 ,8.35767 ,8.09735 ,4.12242
61 ,51.1883 ,8.72462 ,8.09735 ,4.17379
62 ,56.8846 ,8.14962 ,8.09735 ,4.24479
63 ,56.0334 ,8.5799 ,8.09735 ,4.31381
64 ,56.7585 ,8.5983 ,8.09735 ,4.39436
65 ,55.5595 ,8.54731 ,8.09735 ,4.46013
66 ,52.3342 ,9.39745 ,8.09735 ,4.51782
67 ,57.6417 ,8.88406 ,8.09735 ,4.58832
68 ,55.3922 ,8.95902 ,8.09735 ,4.65093
69 ,57.1719 ,8.60809 ,8.09735 ,4.72729
70 ,57.3284 ,8.946 ,8.09735 ,4.7899
71 ,57.2995 ,8.5151 ,8.09735 ,4.86148
72 ,56.0744 ,8.79149 ,8.09735 ,4.92916
73 ,56.3909 ,8.42561 ,8.09735 ,5.00108
74 ,53.2092 ,8.52556 ,8.09735 ,5.06334
75 ,57.6717 ,8.32853 ,8.09735 ,5.13865
76 ,57.348 ,8.56295 ,8.09735 ,5.20854
77 ,52.2487 ,8.84093 ,8.09735 ,5.26531
78 ,54.7884 ,8.50714 ,8.09735 ,5.32699
79 ,58.1615 ,8.55156 ,8.09735 ,5.39333
80 ,52.516 ,8.40484 ,8.09735 ,5.45344
81 ,54.9549 ,8.55534 ,8.09735 ,5.51567
82 ,58.516 ,8.63674 ,8.09735 ,5.5865
83 ,57.3864 ,8.33239 ,8.09735 ,5.65632
84 ,58.8346 ,8.56066 ,8.09735 ,5.73425
85 ,51.8532 ,8.71147 ,8.09735 ,5.78946
86 ,61.2596 ,8.62789 ,8.09735 ,5.87261
87 ,56.4232 ,8.60753 ,8.09735 ,5.93673
88 ,53.5825 ,8.55869 ,8.09735 ,5.99748
89 ,57.6223 ,8.4258 ,8.09735 ,6.06807
90 ,54.6595 ,8.61201 ,8.09735 ,6.13178
91 ,55.1474 ,8.52238 ,8.09735 ,6.20128
92 ,55.26 ,8.60658 ,8.09735 ,6.27186
93 ,59.1392 ,8.74279 ,8.09735 ,6.35023
94 ,58.0751 ,8.66351 ,8.09735 ,6.42363
95 ,57.0515 ,8.50362 ,8.09735 ,6.49343
96 ,54.311 ,8.99327 ,8.09735 ,6.5519
97 ,58.7744 ,8.68568 ,8.09735 ,6.62711
98 ,59.3383 ,8.57685 ,8.09735 ,6.70674
99 ,51.7937 ,8.3971 ,8.09735 ,6.76443
100 ,49.8456 ,8.74775 ,8.09735 ,6.81943
101 ,59.4863 ,8.63731 ,8.09735 ,6.89861
102 ,56.7046 ,8.62007 ,8.09735 ,6.96833
103 ,52.6117 ,8.79481 ,8.09735 ,7.02665
104 ,56.3973 ,8.73955 ,8.09735 ,7.0983
105 ,56.5914 ,8.69534 ,8.09735 ,7.16011
106 ,55.8434 ,8.40354 ,8.09735 ,7.22864
107 ,57.6032 ,8.49737 ,8.09735 ,7.30337
108 ,55.9414 ,8.54255 ,8.09735 ,7.37242
109 ,54.7451 ,8.41844 ,8.09735 ,7.43291
110 ,54.8027 ,8.83038 ,8.09735 ,7.49439
111 ,54.0637 ,8.90099 ,8.09735 ,7.55835
112 ,54.8221 ,8.32735 ,8.09735 ,7.62535
113 ,52.166 ,8.73618 ,8.09735 ,7.68243
114 ,57.3268 ,8.60997 ,8.09735 ,7.75339
115 ,57.3023 ,8.78886 ,8.09735 ,7.82427
116 ,58.6374 ,8.51823 ,8.09735 ,7.90027
117 ,52.6861 ,8.64761 ,8.09735 ,7.96032
118 ,59.2542 ,8.83982 ,8.09735 ,8.03596
119 ,53.8895 ,8.58395 ,8.09735 ,8.09976
120 ,56.1471 ,8.41731 ,8.09735 ,8.16474
121 ,59.0789 ,8.19609 ,8.09735 ,8.24143
122 ,56.2384 ,8.52925 ,8.09735 ,8.31138
123 ,57.031 ,8.66076 ,8.09735 ,8.37388
124 ,54.3901 ,8.45968 ,8.09735 ,8.44228
125 ,52.9529 ,8.66976 ,8.09735 ,8.50105
126 ,57.9692 ,8.80291 ,8.09735 ,8.57032
127 ,56.5181 ,8.72906 ,8.09735 ,8.63741
128 ,57.4143 ,8.46313 ,8.09735 ,8.71031
129 ,58.2251 ,8.41436 ,8.09735 ,8.78531
130 ,57.8689 ,8.42788 ,8.09735 ,8.85788
131 ,54.1204 ,8.86329 ,8.09735 ,8.92489
132 ,55.9113 ,8.30598 ,8.09735 ,8.99378
133 ,56.7087 ,8.32573 ,8.09735 ,9.06438
134 ,58.0428 ,8.38652 ,8.09735 ,9.1399
135 ,54.0863 ,8.42007 ,8.09735 ,9.20912
136 ,55.2731 ,8.90059 ,8.09735 ,9.27034
137 ,56.5697 ,8.84933 ,8.09735 ,9.34249
138 ,50.9949 ,8.89607 ,8.09735 ,9.3978
139 ,53.7056 ,8.23519 ,8.09735 ,9.46217
140 ,57.995 ,8.70476 ,8.09735 ,9.53462
141 ,56.7606 ,8.89461 ,8.09735 ,9.60508
142 ,54.51 ,8.61078 ,8.09735 ,9.66685
143 ,53.9166 ,8.38555 ,8.09735 ,9.73277
144 ,54.8915 ,8.25496 ,8.09735 ,9.80024
145 ,54.4891 ,8.77349 ,8.09735 ,9.86461
146 ,58.0172 ,8.52536 ,8.09735 ,9.93913
147 ,53.8525 ,8.82422 ,8.09735 ,10.0017
148 ,57.9366 ,8.40222 ,8.09735 ,10.0727
149 ,54.9871 ,8.49022 ,8.09735 ,10.1409
150 ,58.8079 ,8.29391 ,8.09735 ,10.218
151 ,54.424 ,8.53843 ,8.09735 ,10.2822
152 ,59.4481 ,8.54958 ,8.09735 ,10.3604
153 ,56.6687 ,8.51121 ,8.09735 ,10.4296
154 ,53.0535 ,8.38808 ,8.09735 ,10.4907
155 ,56.7499 ,8.64279 ,8.09735 ,10.5567
156 ,57.4029 ,8.68244 ,8.09735 ,10.6309
157 ,54.6629 ,8.82739 ,8.09735 ,10.6945
158 ,53.285 ,8.45146 ,8.09735 ,10.7535
159 ,53.5873 ,8.56191 ,8.09735 ,10.811
160 ,55.3287 ,8.77646 ,8.09735 ,10.8763
161 ,55.748 ,8.43814 ,8.09735 ,10.9433
162 ,58.2709 ,8.72904 ,8.09735 ,11.0114
163 ,55.3721 ,8.66888 ,8.09735 ,11.0787
164 ,57.5878 ,8.63151 ,8.09735 ,11.1543
165 ,55.9339 ,8.43229 ,8.09735 ,11.2222
166 ,59.7929 ,8.54655 ,8.09735 ,11.304
167 ,57.8238 ,8.50153 ,8.09735 ,11.3782
168 ,57.6712 ,8.39044 ,8.09735 ,11.4509
169 ,54.5388 ,8.79783 ,8.09735 ,11.5164
170 ,56.2963 ,8.74861 ,8.09735 ,11.589
171 ,54.9435 ,8.69956 ,8.09735 ,11.6531
172 ,54.7602 ,8.21869 ,8.09735 ,11.7216
173 ,59.5631 ,8.7351 ,8.09735 ,11.8024
174 ,59.5271 ,8.47833 ,8.09735 ,11.8737
175 ,57.0438 ,8.75645 ,8.09735 ,11.9448
176 ,55.8225 ,8.74804 ,8.09735 ,12.0118
177 ,51.7659 ,8.47461 ,8.09735 ,12.0624
178 ,60.5006 ,8.90109 ,8.09735 ,12.1474
179 ,55.2039 ,8.52991 ,8.09735 ,12.2109
180 ,58.6457 ,9.03142 ,8.09735 ,12.2881
181 ,58.1374 ,8.52064 ,8.09735 ,12.3624
182 ,54.9117 ,8.19568 ,8.09735 ,12.431
183 ,56.5874 ,8.33395 ,8.09735 ,12.4999
184 ,53.7857 ,8.84241 ,8.09735 ,12.5631
185 ,52.0523 ,8.72128 ,8.09735 ,12.6225
186 ,54.9556 ,8.38875 ,8.09735 ,12.6868
187 ,56.7513 ,8.57553 ,8.09735 ,12.7567
188 ,58.0775 ,8.37506 ,8.09735 ,12.8355
189 ,56.1125 ,8.79366 ,8.09735 ,12.8977
190 ,54.6867 ,8.73128 ,8.09735 ,12.9656
191 ,60.9267 ,8.28162 ,8.09735 ,13.0447
192 ,54.3295 ,8.37822 ,8.09735 ,13.1056
193 ,56.5661 ,8.58379 ,8.09735 ,13.1751
194 ,58.5223 ,8.24466 ,8.09735 ,13.252
195 ,56.5629 ,8.53458 ,8.09735 ,13.3207
196 ,60.8237 ,8.47222 ,8.09735 ,13.403
197 ,55.1473 ,8.62579 ,8.09735 ,13.4693
198 ,60.388 ,8.27754 ,8.09735 ,13.5513
199 ,58.7685 ,8.63244 ,8.09735 ,13.6314
200 ,56.1132 ,8.95855 ,8.09735 ,13.7005
201 ,56.5241 ,8.60197 ,8.09735 ,13.7721
202 ,57.6028 ,8.47679 ,8.09735 ,13.838
203 ,59.2164 ,8.44518 ,8.09735 ,13.9173
204 ,57.2243 ,8.24022 ,8.09735 ,13.9886
205 ,54.7535 ,8.13773 ,8.09735 ,14.0614
206 ,57.4519 ,8.58319 ,8.09735 ,14.1342
207 ,57.1777 ,8.56392 ,8.09735 ,14.2
208 ,57.9902 ,8.64521 ,8.09735 ,14.2708
209 ,56.3948 ,8.39805 ,8.09735 ,14.3407
210 ,55.7365 ,8.44446 ,8.09735 ,14.4071
211 ,58.4671 ,8.9059 ,8.09735 ,14.4804
212 ,53.8759 ,8.75071 ,8.09735 ,14.5466
213 ,52.5542 ,8.50554 ,8.09735 ,14.6067
214 ,55.3525 ,8.70554 ,8.09735 ,14.6726
215 ,53.29 ,8.82243 ,8.09735 ,14.7324
216 ,59.2094 ,8.61579 ,8.09735 ,14.8096
217 ,55.3234 ,8.45875 ,8.09735 ,14.8751
218 ,56.3054 ,8.40329 ,8.09735 ,14.9436
219 ,57.1033 ,8.73739 ,8.09735 ,15.0139
220 ,59.1675 ,8.56479 ,8.09735 ,15.0974
221 ,56.1353 ,8.624 ,8.09735 ,15.1645
222 ,52.2626 ,8.77927 ,8.09735 ,15.2249
223 ,53.3385 ,8.57945 ,8.09735 ,15.2854
224 ,56.2175 ,8.82897 ,8.09735 ,15.3552
225 ,59.4383 ,8.55643 ,8.09735 ,15.4322
226 ,52.1222 ,8.34131 ,8.09735 ,15.488
227 ,57.3651 ,8.35388 ,8.09735 ,15.5557
228 ,56.9454 ,8.30992 ,8.09735 ,15.625
229 ,56.742 ,8.74192 ,8.09735 ,15.693
230 ,59.9299 ,8.63636 ,8.09735 ,15.768
231 ,58.5385 ,8.50282 ,8.09735 ,15.8422
232 ,54.7299 ,8.55435 ,8.09735 ,15.9081
233 ,55.859 ,8.70634 ,8.09735 ,15.9758
234 ,56.924 ,8.48207 ,8.09735 ,16.0454
235 ,55.8825 ,8.63146 ,8.09735 ,16.1195
236 ,54.8966 ,8.63634 ,8.09735 ,16.1846
237 ,51.6371 ,8.39104 ,8.09735 ,16.2468
238 ,52.5469 ,8.41559 ,8.09735 ,16.3076
239 ,56.6254 ,8.61169 ,8.09735 ,16.3787
240 ,59.2815 ,8.72148 ,8.09735 ,16.4591
241 ,54.2996 ,8.48534 ,8.09735 ,16.519
242 ,54.1974 ,8.82252 ,8.09735 ,16.5763
243 ,55.7321 ,8.45505 ,8.09735 ,16.6357
244 ,60.223 ,8.16524 ,8.09735 ,16.716
245 ,53.5312 ,8.61418 ,8.09735 ,16.7782
246 ,54.7488 ,8.66974 ,8.09735 ,16.8404
247 ,53.3334 ,8.37103 ,8.09735 ,16.9044
248 ,56.7559 ,8.2842 ,8.09735 ,16.9742
249 ,57.2123 ,8.867 ,8.09735 ,17.0487
250 ,57.003 ,8.48795 ,8.09735 ,17.1113
251 ,53.8914 ,8.41713 ,8.09735 ,17.1728
252 ,60.9356 ,8.11005 ,8.09735 ,17.2562
253 ,56.4873 ,8.88656 ,8.09735 ,17.319
254 ,57.9541 ,8.31838 ,8.09735 ,17.3907
255 ,54.092 ,8.48507 ,8.09735 ,17.4554
256 ,57.1102 ,8.61253 ,8.09735 ,17.5276
257 ,56.3194 ,8.59924 ,8.09735 ,17.5952
258 ,52.2438 ,8.67344 ,8.09735 ,17.6566
259 ,55.3094 ,8.33182 ,8.09735 ,17.7203
260 ,55.5069 ,8.41448 ,8.09735 ,17.7839
261 ,58.8757 ,8.52832 ,8.09735 ,17.8561
262 ,56.9383 ,8.46434 ,8.09735 ,17.9251
263 ,57.9086 ,8.53401 ,8.09735 ,17.9966
264 ,55.793 ,8.50208 ,8.09735 ,18.0628
265 ,54.5184 ,8.45833 ,8.09735 ,18.1247
266 ,51.7185 ,8.53911 ,8.09735 ,18.1856
267 ,54.1036 ,8.47334 ,8.09735 ,18.2498
268 ,53.9874 ,8.52039 ,8.09735 ,18.3139
269 ,54.0435 ,8.32948 ,8.09735 ,18.377
270 ,58.2809 ,8.49788 ,8.09735 ,18.4475
271 ,55.1466 ,8.58806 ,8.09735 ,18.5125
272 ,58.6054 ,8.86241 ,8.09735 ,18.5848
273 ,52.4261 ,8.62898 ,8.09735 ,18.6424
274 ,57.4997 ,8.33016 ,8.09735 ,18.7098
275 ,54.2849 ,8.73297 ,8.09735 ,18.7707
276 ,54.5898 ,8.45099 ,8.09735 ,18.8321
277 ,52.4072 ,8.48693 ,8.09735 ,18.8899
278 ,54.0424 ,8.34801 ,8.09735 ,18.9487
279 ,54.0247 ,8.59676 ,8.09735 ,19.0065
280 ,55.4151 ,9.06679 ,8.09735 ,19.0692
281 ,54.477 ,8.81129 ,8.09735 ,19.1357
282 ,54.1262 ,8.31582 ,8.09735 ,19.1983
283 ,56.7973 ,8.4417 ,8.09735 ,19.2626
284 ,58.1258 ,8.82281 ,8.09735 ,19.3333
285 ,54.1915 ,8.47386 ,8.09735 ,19.3969
286 ,57.9112 ,8.6208 ,8.09735 ,19.4669
287 ,55.5027 ,8.83912 ,8.09735 ,19.5282
288 ,54.0116 ,8.19338 ,8.09735 ,19.5927
289 ,53.7571 ,8.38855 ,8.09735 ,19.6533
290 ,53.3205 ,8.88851 ,8.09735 ,19.7138
291 ,53.698 ,8.64207 ,8.09735 ,19.7771
292 ,56.8555 ,8.77546 ,8.09735 ,19.8463
293 ,57.6569 ,8.62745 ,8.09735 ,19.9175
294 ,55.7791 ,8.55929 ,8.09735 ,19.982
295 ,52.8631 ,8.55633 ,8.09735 ,20.0429
296 ,54.8895 ,8.65633 ,8.09735 ,20.11
297 ,56.6304 ,8.40613 ,8.09735 ,20.1704
298 ,57.4376 ,8.69676 ,8.09735 ,20.2406
299 ,55.5622 ,8.57249 ,8.09735 ,20.3079
300 ,58.3974 ,8.46283 ,8.09735 ,20.3831
301 ,54.8856 ,8.58432 ,8.09735 ,20.4459
302 ,54.4431 ,8.49814 ,8.09735 ,20.5124
303 ,52.743 ,8.76939 ,8.09735 ,20.5711
304 ,55.4446 ,8.6316 ,8.09735 ,20.6372
305 ,59.2957 ,8.56909 ,8.09735 ,20.7148
306 ,55.1675 ,8.51851 ,8.09735 ,20.7763
307 ,56.6352 ,8.68957 ,8.09735 ,20.8499
308 ,53.9994 ,8.30039 ,8.09735 ,20.9149
309 ,56.9266 ,8.32603 ,8.09735 ,20.9834
310 ,52.6071 ,8.61648 ,8.09735 ,21.046
311 ,59.7359 ,8.43373 ,8.09735 ,21.126
312 ,54.5736 ,8.85233 ,8.09735 ,21.1917
313 ,52.8821 ,8.86933 ,8.09735 ,21.2487
314 ,52.3892 ,8.798 ,8.09735 ,21.3056
315 ,55.471 ,8.94784 ,8.09735 ,21.373
316 ,52.7984 ,8.382 ,8.09735 ,21.4316
317 ,59.5743 ,8.71051 ,8.09735 ,21.5107
318 ,53.5692 ,8.33948 ,8.09735 ,21.5664
319 ,57.1386 ,8.79008 ,8.09735 ,21.6328
320 ,56.6787 ,8.59791 ,8.09735 ,21.7017
321 ,54.4947 ,8.498 ,8.09735 ,21.7728
322 ,61.9273 ,8.84259 ,8.09735 ,21.8547
323 ,56.5047 ,8.58395 ,8.09735 ,21.9221
324 ,59.1675 ,8.42494 ,8.09735 ,21.9963
325 ,56.6994 ,8.63733 ,8.09735 ,22.065
326 ,55.7543 ,8.35089 ,8.09735 ,22.1315
327 ,59.1054 ,8.6974 ,8.09735 ,22.2074
328 ,55.9886 ,8.83843 ,8.09735 ,22.2761
329 ,54.7424 ,8.70217 ,8.09735 ,22.3388
330 ,57.9146 ,8.59586 ,8.09735 ,22.4109
331 ,52.3243 ,8.30985 ,8.09735 ,22.4678
332 ,53.6243 ,8.65901 ,8.09735 ,22.5309
333 ,55.1905 ,8.55678 ,8.09735 ,22.5961
334 ,52.8351 ,8.52827 ,8.09735 ,22.661
335 ,58.8494 ,8.45977 ,8.09735 ,22.7385
336 ,55.0703 ,8.60889 ,8.09735 ,22.806
337 ,59.1573 ,8.84068 ,8.09735 ,22.876
338 ,56.3907 ,8.58383 ,8.09735 ,22.9446
339 ,54.0963 ,8.36925 ,8.09735 ,23.0059
340 ,56.7186 ,8.42429 ,8.09735 ,23.0766
341 ,56.6395 ,8.90579 ,8.09735 ,23.1439
342 ,56.208 ,8.36881 ,8.09735 ,23.2143
343 ,54.9434 ,8.69303 ,8.09735 ,23.2803
344 ,56.585 ,8.59331 ,8.09735 ,23.3493
345 ,56.3304 ,8.30582 ,8.09735 ,23.4156
346 ,56.0962 ,8.49652 ,8.09735 ,23.4866
347 ,54.196 ,8.70035 ,8.09735 ,23.548
348 ,57.447 ,8.57159 ,8.09735 ,23.6266
349 ,53.6023 ,8.66607 ,8.09735 ,23.6869
350 ,53.3452 ,8.51042 ,8.09735 ,23.7495
351 ,49.1803 ,8.83512 ,8.09735 ,23.8015
352 ,53.5857 ,8.76743 ,8.09735 ,23.8641
353 ,57.4039 ,8.57981 ,8.09735 ,23.9336
354 ,50.7072 ,8.52641 ,8.09735 ,23.9854
355 ,54.4433 ,8.69313 ,8.09735 ,24.051
356 ,54.8168 ,8.63934 ,8.09735 ,24.1109
357 ,53.5856 ,8.32041 ,8.09735 ,24.174
358 ,57.3451 ,8.60176 ,8.09735 ,24.2472
359 ,55.6948 ,8.58793 ,8.09735 ,24.3079
360 ,54.8449 ,8.55581 ,8.09735 ,24.376
361 ,51.4232 ,8.6845 ,8.09735 ,24.4351
362 ,57.8086 ,8.54753 ,8.09735 ,24.5115
363 ,55.8944 ,8.52723 ,8.09735 ,24.5749
364 ,53.9096 ,8.15578 ,8.09735 ,24.6385
365 ,53.9005 ,8.23483 ,8.09735 ,24.7022
366 ,55.0276 ,8.42484 ,8.09735 ,24.7633
367 ,55.6059 ,8.53457 ,8.09735 ,24.8311
368 ,56.7031 ,8.64935 ,8.09735 ,24.9025
369 ,52.9256 ,8.60675 ,8.09735 ,24.9631
370 ,56.903 ,8.54883 ,8.09735 ,25.0346
371 ,55.1496 ,8.41074 ,8.09735 ,25.0972
372 ,60.398 ,8.52148 ,8.09735 ,25.1759
373 ,57.0638 ,8.31743 ,8.09735 ,25.2488
374 ,52.9847 ,9.13501 ,8.09735 ,25.3125
375 ,53.3276 ,8.28247 ,8.09735 ,25.3721
376 ,58.7705 ,8.30701 ,8.09735 ,25.4432
377 ,55.7629 ,8.37753 ,8.09735 ,25.5092
378 ,58.8548 ,8.61605 ,8.09735 ,25.5883
379 ,54.6882 ,8.59469 ,8.09735 ,25.6533
380 ,51.4123 ,8.53023 ,8.09735 ,25.7136
381 ,54.2009 ,8.4435 ,8.09735 ,25.7781
382 ,53.9513 ,8.9312 ,8.09735 ,25.8377
383 ,52.986 ,8.67932 ,8.09735 ,25.8984
384 ,56.2232 ,8.52784 ,8.09735 ,25.9694
385 ,56.4225 ,8.68567 ,8.09735 ,26.0327
386 ,57.9478 ,8.75174 ,8.09735 ,26.1067
387 ,52.9608 ,8.68027 ,8.09735 ,26.1712
388 ,51.0762 ,8.55479 ,8.09735 ,26.2263
389 ,56.5372 ,8.23219 ,8.09735 ,26.2983
390 ,56.1464 ,8.28313 ,8.09735 ,26.3689
391 ,57.5356 ,8.4653 ,8.09735 ,26.4405
392 ,56.3411 ,8.59195 ,8.09735 ,26.5099
393 ,60.1754 ,8.52155 ,8.09735 ,26.5807
394 ,51.5316 ,8.88099 ,8.09735 ,26.6311
395 ,55.5389 ,8.63633 ,8.09735 ,26.6942
396 ,53.8681 ,8.61818 ,8.09735 ,26.7547
397 ,56.3831 ,8.74414 ,8.09735 ,26.82
398 ,54.9826 ,9.05633 ,8.09735 ,26.8819
399 ,53.4007 ,8.30534 ,8.09735 ,26.9411
400 ,56.3818 ,8.53294 ,8.09735 ,27.0163
401 ,55.9054 ,8.54804 ,8.09735 ,27.0909
402 ,53.8865 ,8.37367 ,8.09735 ,27.1517
403 ,56.0982 ,8.33628 ,8.09735 ,27.2198
404 ,56.8202 ,8.67726 ,8.09735 ,27.2933
405 ,54.6708 ,8.19592 ,8.09735 ,27.3565
406 ,49.8021 ,8.61708 ,8.09735 ,27.4097
407 ,55.6868 ,8.9365 ,8.09735 ,27.4777
408 ,57.7996 ,8.69196 ,8.09735 ,27.5496
409 ,56.364 ,8.53505 ,8.09735 ,27.6146
410 ,54.7643 ,8.5663 ,8.09735 ,27.6773
411 ,53.902 ,8.45774 ,8.09735 ,27.7393
412 ,55.5108 ,8.09217 ,8.09217 ,27.8045
413 ,54.8916 ,8.69308 ,8.09217 ,27.8712
414 ,54.8086 ,8.7066 ,8.09217 ,27.9339
415 ,57.8308 ,8.43267 ,8.09217 ,28.0035
416 ,55.3161 ,8.99114 ,8.09217 ,28.0686
417 ,56.7581 ,8.81204 ,8.09217 ,28.1392
418 ,57.648 ,8.49025 ,8.09217 ,28.2091
419 ,49.4908 ,8.33692 ,8.09217 ,28.26
420 ,56.8248 ,8.37954 ,8.09217 ,28.3295
421 ,61.7544 ,8.47165 ,8.09217 ,28.4103
422 ,58.3982 ,8.49786 ,8.09217 ,28.4841
423 ,59.0685 ,8.66577 ,8.09217 ,28.5617
424 ,58.2334 ,8.70347 ,8.09217 ,28.6385
425 ,56.5719 ,8.80848 ,8.09217 ,28.7053
426 ,56.8219 ,8.95802 ,8.09217 ,28.7727
427 ,58.5944 ,8.75889 ,8.09217 ,28.843
428 ,55.0348 ,8.46517 ,8.09217 ,28.9131
429 ,56.3491 ,8.61725 ,8.09217 ,28.982
430 ,54.3063 ,8.92912 ,8.09217 ,29.0441
431 ,56.5171 ,8.23664 ,8.09217 ,29.1108
432 ,56.3576 ,8.34754 ,8.09217 ,29.1777
433 ,54.743 ,8.88632 ,8.09217 ,29.2438
434 ,58.5143 ,8.71872 ,8.09217 ,29.3223
435 ,61.3282 ,8.71788 ,8.09217 ,29.4065
436 ,53.4223 ,8.57067 ,8.09217 ,29.4641
437 ,53.8482 ,8.5956 ,8.09217 ,29.5241
438 ,57.2932 ,8.28207 ,8.09217 ,29.5915
439 ,58.4122 ,8.41756 ,8.09217 ,29.6621
440 ,54.8162 ,8.90421 ,8.09217 ,29.7279
441 ,58.5382 ,8.66095 ,8.09217 ,29.8048
442 ,53.6927 ,8.23928 ,8.09217 ,29.865
443 ,56.0983 ,8.51812 ,8.09217 ,29.9341
444 ,53.0497 ,8.26756 ,8.09217 ,29.9927
445 ,55.6555 ,8.65248 ,8.09217 ,30.0621
446 ,58.1071 ,8.40752 ,8.09217 ,30.1331
447 ,57.8978 ,8.39322 ,8.09217 ,30.2067
448 ,58.7013 ,8.98086 ,8.09217 ,30.2819
449 ,57.5173 ,8.30084 ,8.09217 ,30.3515
450 ,55.5022 ,8.52904 ,8.09217 ,30.416
451 ,55.7739 ,8.24254 ,8.09217 ,30.4842
452 ,57.1987 ,8.57942 ,8.09217 ,30.5547
453 ,57.7189 ,8.6929 ,8.09217 ,30.6207
454 ,60.4747 ,8.26198 ,8.09217 ,30.6989
455 ,59.1752 ,8.70316 ,8.09217 ,30.7752
456 ,56.6142 ,8.96288 ,8.09217 ,30.8441
457 ,52.92 ,8.81561 ,8.09217 ,30.9061
458 ,53.778 ,8.25641 ,8.09217 ,30.9702
459 ,59.3234 ,8.77465 ,8.09217 ,31.0528
460 ,58.0358 ,8.39672 ,8.09217 ,31.1257
461 ,57.3198 ,8.57594 ,8.09217 ,31.1995
462 ,56.9517 ,8.26873 ,8.09217 ,31.2722
463 ,63.524 ,8.27715 ,8.09217 ,31.3556
464 ,53.2147 ,8.5293 ,8.09217 ,31.4168
465 ,53.3244 ,8.43231 ,8.09217 ,31.4819
466 ,59.4019 ,8.61209 ,8.09217 ,31.5549
467 ,55.8518 ,8.47801 ,8.09217 ,31.6264
468 ,53.3882 ,8.71713 ,8.09217 ,31.6866
469 ,55.6683 ,8.76085 ,8.09217 ,31.7528
470 ,54.7925 ,8.83 ,8.09217 ,31.819
471 ,58.2598 ,8.77977 ,8.09217 ,31.8901
472 ,55.3207 ,8.42424 ,8.09217 ,31.9546
473 ,56.3668 ,8.52275 ,8.09217 ,32.0281
474 ,54.047 ,8.25488 ,8.09217 ,32.0946
475 ,53.6927 ,8.67747 ,8.09217 ,32.1535
476 ,56.182 ,8.69114 ,8.09217 ,32.2266
477 ,53.623 ,8.77984 ,8.09217 ,32.289
478 ,53.4128 ,8.73799 ,8.09217 ,32.3432
479 ,54.9464 ,8.79997 ,8.09217 ,32.4058
480 ,56.9653 ,8.42407 ,8.09217 ,32.481
481 ,56.8686 ,8.61748 ,8.09217 ,32.5496
482 ,55.863 ,8.49464 ,8.09217 ,32.6172
483 ,54.0209 ,8.10046 ,8.09217 ,32.6842
484 ,57.2613 ,8.46755 ,8.09217 ,32.7578
485 ,56.1454 ,8.5445 ,8.09217 ,32.824
486 ,59.1722 ,8.52204 ,8.09217 ,32.8988
487 ,57.8 ,8.56038 ,8.09217 ,32.9662
488 ,52.8395 ,8.63905 ,8.09217 ,33.027
489 ,52.0998 ,8.66346 ,8.09217 ,33.0826
490 ,58.7253 ,8.45997 ,8.09217 ,33.166
491 ,57.6749 ,8.54215 ,8.09217 ,33.2359
492 ,55.7825 ,8.87698 ,8.09217 ,33.3028
493 ,50.8866 ,8.71087 ,8.09217 ,33.3548
494 ,55.1476 ,8.78724 ,8.09217 ,33.4179
495 ,58.0409 ,8.2271 ,8.09217 ,33.4927
496 ,56.9032 ,8.78319 ,8.09217 ,33.565
497 ,55.1611 ,8.83274 ,8.09217 ,33.6303
498 ,52.7569 ,8.4383 ,8.09217 ,33.6915
499 ,54.9839 ,8.79588 ,8.09217 ,33.7569
500 ,54.3287 ,8.33181 ,8.09217 ,33.8102
501 ,57.4846 ,8.64712 ,8.09217 ,33.8828
502 ,55.4395 ,8.5673 ,8.09217 ,33.9501
503 ,56.6169 ,8.95714 ,8.09217 ,34.0206
504 ,52.6325 ,8.29328 ,8.09217 ,34.0772
505 ,54.0413 ,8.57413 ,8.09217 ,34.1402
506 ,55.1031 ,8.76785 ,8.09217 ,34.2082
507 ,53.6338 ,8.46424 ,8.09217 ,34.2722
508 ,51.8676 ,8.60202 ,8.09217 ,34.3348
509 ,56.1445 ,8.46552 ,8.09217 ,34.4031
510 ,50.1454 ,8.77715 ,8.09217 ,34.4602
511 ,61.1784 ,8.8784 ,8.09217 ,34.5446
512 ,54.7966 ,8.95908 ,8.09217 ,34.6074
513 ,55.6615 ,8.26053 ,8.09217 ,34.6763
514 ,53.733 ,8.31889 ,8.09217 ,34.7371
515 ,52.4216 ,8.593 ,8.09217 ,34.795
516 ,59.6406 ,8.43284 ,8.09217 ,34.8714
517 ,50.35 ,8.72614 ,8.09217 ,34.9229
518 ,58.259 ,8.488 ,8.09217 ,34.9992
519 ,53.4589 ,8.5223 ,8.09217 ,35.0598
520 ,55.1346 ,8.54624 ,8.09217 ,35.1238
521 ,56.4567 ,8.87144 ,8.09217 ,35.1916
522 ,56.4341 ,8.59581 ,8.09217 ,35.2633
523 ,55.5017 ,8.47102 ,8.09217 ,35.3318
524 ,51.1286 ,8.38789 ,8.09217 ,35.3862
525 ,53.8118 ,8.53091 ,8.09217 ,35.446
526 ,57.4382 ,8.34848 ,8.09217 ,35.5219
527 ,52.4345 ,8.28039 ,8.09217 ,35.5781
528 ,53.7083 ,8.68575 ,8.09217 ,35.6376
529 ,53.9356 ,8.30966 ,8.09217 ,35.7015
530 ,56.4657 ,8.58708 ,8.09217 ,35.7717
531 ,55.5481 ,8.33055 ,8.09217 ,35.8391
532 ,57.4859 ,8.49407 ,8.09217 ,35.9082
533 ,53.2161 ,8.8451 ,8.09217 ,35.9733
534 ,58.7332 ,8.39905 ,8.09217 ,36.0503
535 ,57.1716 ,8.68365 ,8.09217 ,36.1218
536 ,60.5384 ,8.66777 ,8.09217 ,36.2018
537 ,58.3588 ,8.27208 ,8.09217 ,36.2748
538 ,56.4351 ,8.73284 ,8.09217 ,36.3435
539 ,55.4513 ,8.30838 ,8.09217 ,36.4078
540 ,58.0623 ,8.0887 ,8.0887 ,36.4804
541 ,54.6469 ,8.52552 ,8.0887 ,36.5452
542 ,58.8621 ,8.45244 ,8.0887 ,36.6243
543 ,56.2283 ,8.21212 ,8.0887 ,36.6925
544 ,56.948 ,8.51953 ,8.0887 ,36.7662
545 ,59.276 ,8.23672 ,8.0887 ,36.8445
546 ,58.257 ,8.21071 ,8.0887 ,36.9158
547 ,56.3083 ,8.71676 ,8.0887 ,36.9846
548 ,59.5372 ,8.25672 ,8.0887 ,37.0606
549 ,58.43 ,8.48632 ,8.0887 ,37.1356
550 ,55.1508 ,8.69709 ,8.0887 ,37.2004
551 ,50.8539 ,8.31182 ,8.0887 ,37.2557
552 ,53.3707 ,8.21346 ,8.0887 ,37.3215
553 ,58.5844 ,8.25864 ,8.0887 ,37.3944
554 ,58.5774 ,8.42745 ,8.0887 ,37.4659
555 ,55.6287 ,8.90383 ,8.0887 ,37.5279
556 ,51.509 ,8.72982 ,8.0887 ,37.5816
557 ,59.318 ,8.65243 ,8.0887 ,37.6581
558 ,56.2928 ,9.06922 ,8.0887 ,37.7245
559 ,57.7216 ,8.24678 ,8.0887 ,37.7978
560 ,53.4477 ,8.70394 ,8.0887 ,37.8566
561 ,52.0368 ,8.34484 ,8.0887 ,37.9135
562 ,56.513 ,8.70165 ,8.0887 ,37.9858
563 ,59.0232 ,9.25107 ,8.0887 ,38.0639
564 ,55.22 ,9.03124 ,8.0887 ,38.1287
565 ,55.6421 ,8.44739 ,8.0887 ,38.1981
566 ,54.5321 ,8.65985 ,8.0887 ,38.2617
567 ,52.9369 ,8.59405 ,8.0887 ,38.3196
568 ,54.7618 ,8.96151 ,8.0887 ,38.3854
569 ,52.3346 ,8.37813 ,8.0887 ,38.4447
570 ,54.9058 ,8.20825 ,8.0887 ,38.5107
571 ,55.7318 ,8.91605 ,8.0887 ,38.5805
572 ,56.6731 ,8.77273 ,8.0887 ,38.6502
573 ,49.2723 ,8.26949 ,8.0887 ,38.7034
574 ,56.9707 ,8.76793 ,8.0887 ,38.7749
575 ,54.9109 ,8.47983 ,8.0887 ,38.8411
576 ,55.2085 ,8.41228 ,8.0887 ,38.9076
577 ,54.3522 ,8.67931 ,8.0887 ,38.9682
578 ,55.2741 ,8.5505 ,8.0887 ,39.0388
579 ,58.3579 ,8.84092 ,8.0887 ,39.1163
580 ,56.3295 ,8.30967 ,8.0887 ,39.1824
581 ,55.5646 ,9.08811 ,8.0887 ,39.2521
582 ,52.8568 ,8.48036 ,8.0887 ,39.3078
583 ,57.8281 ,8.49117 ,8.0887 ,39.382
584 ,52.51 ,8.90593 ,8.0887 ,39.4385
585 ,53.8118 ,8.94676 ,8.0887 ,39.5
586 ,55.0927 ,8.33561 ,8.0887 ,39.5658
587 ,58.0589 ,8.81542 ,8.0887 ,39.6377
588 ,55.7347 ,8.52688 ,8.0887 ,39.7011
589 ,57.4411 ,8.50806 ,8.0887 ,39.7692
590 ,53.6002 ,8.78542 ,8.0887 ,39.8362
591 ,55.851 ,8.56584 ,8.0887 ,39.9028
592 ,61.1796 ,8.47699 ,8.0887 ,39.983
593 ,54.6467 ,8.58792 ,8.0887 ,40.0482
594 ,52.8392 ,8.6131 ,8.0887 ,40.1082
595 ,57.1994 ,8.74057 ,8.0887 ,40.1816
596 ,54.9786 ,8.12799 ,8.0887 ,40.2436
597 ,52.1976 ,8.6875 ,8.0887 ,40.3021
598 ,56.063 ,8.68712 ,8.0887 ,40.3693
599 ,56.829 ,8.16919 ,8.0887 ,40.4394
600 ,54.0649 ,8.73306 ,8.0887 ,40.5007
601 ,55.5131 ,8.47041 ,8.0887 ,40.5672
602 ,53.4848 ,8.83288 ,8.0887 ,40.6285
603 ,61.8072 ,8.7831 ,8.0887 ,40.7084
604 ,54.5188 ,9.19792 ,8.0887 ,40.7743
605 ,56.5732 ,8.46713 ,8.0887 ,40.8416
606 ,55.8187 ,8.7109 ,8.0887 ,40.9058
607 ,51.6379 ,8.64308 ,8.0887 ,40.9608
608 ,60.6826 ,8.64353 ,8.0887 ,41.049
609 ,55.0996 ,8.60402 ,8.0887 ,41.1143
610 ,57.6957 ,8.34295 ,8.0887 ,41.1855
611 ,55.5051 ,8.47186 ,8.0887 ,41.2508
612 ,57.462 ,8.53314 ,8.0887 ,41.3257
613 ,56.6405 ,8.86698 ,8.0887 ,41.3956
614 ,56.9653 ,8.43459 ,8.0887 ,41.4653
615 ,58.1363 ,8.59292 ,8.0887 ,41.5364
616 ,55.1539 ,8.35006 ,8.0887 ,41.6041
617 ,54.6733 ,8.42595 ,8.0887 ,41.6715
618 ,54.9188 ,8.78814 ,8.0887 ,41.7355
619 ,54.3323 ,8.77234 ,8.0887 ,41.8031
620 ,57.5348 ,8.47633 ,8.0887 ,41.873
621 ,56.7436 ,8.55836 ,8.0887 ,41.94
622 ,54.5962 ,8.74152 ,8.0887 ,42.0043
623 ,56.4304 ,8.54012 ,8.0887 ,42.075
624 ,55.2807 ,8.50019 ,8.0887 ,42.146
625 ,57.6359 ,8.64013 ,8.0887 ,42.2148
626 ,54.2767 ,8.45402 ,8.0887 ,42.2768
627 ,51.865 ,8.77278 ,8.0887 ,42.3376
628 ,56.4804 ,8.36018 ,8.0887 ,42.4064
629 ,57.1811 ,8.48252 ,8.0887 ,42.4808
630 ,56.3289 ,8.75726 ,8.0887 ,42.546
631 ,56.7506 ,8.95282 ,8.0887 ,42.6161
632 ,62.5572 ,8.77325 ,8.0887 ,42.6962
633 ,53.036 ,8.82801 ,8.0887 ,42.7556
634 ,53.2848 ,8.25138 ,8.0887 ,42.818
635 ,57.5412 ,8.76642 ,8.0887 ,42.886
636 ,55.1961 ,8.88537 ,8.0887 ,42.9534
637 ,57.3589 ,8.60166 ,8.0887 ,43.0276
638 ,55.7332 ,8.56777 ,8.0887 ,43.1014
639 ,57.819 ,8.48526 ,8.0887 ,43.1741
640 ,60.0967 ,8.70675 ,8.0887 ,43.2501
641 ,53.9608 ,8.64652 ,8.0887 ,43.3147
642 ,52.2319 ,8.34964 ,8.0887 ,43.376
643 ,56.3718 ,8.48729 ,8.0887 ,43.4448
644 ,53.8917 ,8.70361 ,8.0887 ,43.5135
645 ,60.2647 ,8.87973 ,8.0887 ,43.6002
646 ,55.4708 ,8.70125 ,8.0887 ,43.6683
647 ,57.6848 ,8.63083 ,8.0887 ,43.74
648 ,50.226 ,8.49412 ,8.0887 ,43.8
649 ,56.6694 ,8.56869 ,8.0887 ,43.8724
650 ,52.1206 ,8.7244 ,8.0887 ,43.9394
651 ,54.1223 ,8.43978 ,8.0887 ,44.0038
652 ,58.5117 ,8.52011 ,8.0887 ,44.088
653 ,53.7567 ,8.28782 ,8.0887 ,44.1583
654 ,58.177 ,8.48686 ,8.0887 ,44.2347
655 ,49.9487 ,8.47281 ,8.0887 ,44.2879
656 ,56.9807 ,8.64916 ,8.0887 ,44.3524
657 ,55.075 ,8.7043 ,8.0887 ,44.4191
658 ,58.4875 ,8.83983 ,8.0887 ,44.4921
659 ,61.2924 ,8.65522 ,8.0887 ,44.578
660 ,55.9239 ,8.63531 ,8.0887 ,44.6442
661 ,54.6509 ,8.86302 ,8.0887 ,44.7124
662 ,60.1481 ,8.49401 ,8.0887 ,44.7986
663 ,53.1422 ,8.23611 ,8.0887 ,44.8559
664 ,58.0157 ,8.39854 ,8.0887 ,44.9278
665 ,58.6491 ,8.42216 ,8.0887 ,45.0026
666 ,56.5133 ,8.3994 ,8.0887 ,45.072
667 ,54.8887 ,8.35624 ,8.0887 ,45.1337
668 ,54.6765 ,8.5603 ,8.0887 ,45.1964
669 ,53.7355 ,8.62077 ,8.0887 ,45.2554
670 ,57.1625 ,8.71208 ,8.0887 ,45.3282
671 ,53.7671 ,8.59653 ,8.0887 ,45.386
672 ,56.9272 ,8.49695 ,8.0887 ,45.4591
673 ,54.1655 ,8.76792 ,8.0887 ,45.5279
674 ,53.5703 ,8.46714 ,8.0887 ,45.5913
675 ,58.0362 ,8.41139 ,8.0887 ,45.6653
676 ,56.2022 ,8.64148 ,8.0887 ,45.7333
677 ,55.3669 ,8.63728 ,8.0887 ,45.799
678 ,56.4616 ,8.71205 ,8.0887 ,45.8672
679 ,52.4517 ,9.12093 ,8.0887 ,45.9285
680 ,56.3873 ,8.52411 ,8.0887 ,45.9941
681 ,54.1055 ,8.48311 ,8.0887 ,46.0584
682 ,57.1879 ,8.32983 ,8.0887 ,46.1286
683 ,55.1125 ,8.27899 ,8.0887 ,46.1903
684 ,56.3825 ,8.6187 ,8.0887 ,46.2595
685 ,59.805 ,8.64344 ,8.0887 ,46.3391
686 ,59.1758 ,8.61243 ,8.0887 ,46.409
687 ,57.1773 ,8.767 ,8.0887 ,46.483
688 ,58.8243 ,8.6484 ,8.0887 ,46.5523
689 ,58.5838 ,8.84147 ,8.0887 ,46.6287
690 ,52.7357 ,8.81686 ,8.0887 ,46.6932
691 ,59.804 ,8.52306 ,8.0887 ,46.7682
692 ,58.1101 ,8.73781 ,8.0887 ,46.8406
693 ,56.6461 ,8.38092 ,8.0887 ,46.9096
694 ,54.5385 ,8.30112 ,8.0887 ,46.9745
695 ,53.8375 ,8.81135 ,8.0887 ,47.0388
696 ,52.164 ,8.97071 ,8.0887 ,47.0959
697 ,56.1406 ,8.2462 ,8.0887 ,47.1681
698 ,56.6273 ,8.46914 ,8.0887 ,47.2394
699 ,55.745 ,8.5836 ,8.0887 ,47.304
700 ,51.9377 ,8.76115 ,8.0887 ,47.3618
701 ,56.8481 ,8.29691 ,8.0887 ,47.4311
702 ,54.1399 ,8.71866 ,8.0887 ,47.4914
703 ,56.8866 ,9.04151 ,8.0887 ,47.5588
704 ,58.0339 ,8.78415 ,8.0887 ,47.6283
705 ,48.4415 ,8.65985 ,8.0887 ,47.6778
706 ,51.8761 ,9.06512 ,8.0887 ,47.7375
707 ,58.8902 ,8.60723 ,8.0887 ,47.8118
708 ,58.2166 ,8.43995 ,8.0887 ,47.8888
709 ,57.4651 ,8.60101 ,8.0887 ,47.9645
710 ,58.7885 ,9.24381 ,8.0887 ,48.0362
711 ,57.5872 ,8.65233 ,8.0887 ,48.1128
712 ,54.5619 ,8.41326 ,8.0887 ,48.1793
713 ,57.8453 ,8.64041 ,8.0887 ,48.2528
714 ,53.5532 ,8.89573 ,8.0887 ,48.3123
715 ,58.7637 ,8.40228 ,8.0887 ,48.3944
716 ,58.6651 ,8.2986 ,8.0887 ,48.4679
717 ,55.7568 ,8.62487 ,8.0887 ,48.537
718 ,56.626 ,8.43592 ,8.0887 ,48.6095
719 ,55.4376 ,8.88081 ,8.0887 ,48.6723
720 ,51.7966 ,8.46596 ,8.0887 ,48.7292
721 ,54.557 ,8.41912 ,8.0887 ,48.7937
722 ,59.2088 ,8.65208 ,8.0887 ,48.8675
723 ,53.9512 ,8.21073 ,8.0887 ,48.9274
724 ,54.4231 ,8.44776 ,8.0887 ,48.9872
725 ,59.0407 ,8.51429 ,8.0887 ,49.0621
726 ,61.0778 ,8.37945 ,8.0887 ,49.1452
727 ,54.6235 ,8.57015 ,8.0887 ,49.2085
728 ,54.6182 ,8.12131 ,8.0887 ,49.2752
729 ,52.8755 ,8.26749 ,8.0887 ,49.3346
730 ,53.8347 ,8.53938 ,8.0887 ,49.3966
731 ,55.1849 ,8.76822 ,8.0887 ,49.4572
732 ,53.2942 ,8.68649 ,8.0887 ,49.5201
733 ,56.3821 ,8.32913 ,8.0887 ,49.587
734 ,54.4427 ,8.80885 ,8.0887 ,49.6491
735 ,49.4256 ,8.93103 ,8.0887 ,49.7042
736 ,58.8692 ,8.14065 ,8.0887 ,49.7821
737 ,50.9966 ,8.47213 ,8.0887 ,49.84
738 ,58.5513 ,8.45371 ,8.0887 ,49.9148
739 ,58.0135 ,8.11193 ,8.0887 ,49.986
740 ,55.0538 ,8.74373 ,8.0887 ,50.0513
741 ,57.254 ,8.54856 ,8.0887 ,50.1229
742 ,58.145 ,8.92556 ,8.0887 ,50.1957
743 ,56.3884 ,8.39346 ,8.0887 ,50.2628
744 ,56.2475 ,8.33943 ,8.0887 ,50.3288
745 ,57.0264 ,8.68031 ,8.0887 ,50.3978
746 ,56.0491 ,8.61683 ,8.0887 ,50.4665
747 ,59.2503 ,8.6281 ,8.0887 ,50.5416
748 ,52.3158 ,8.8424 ,8.0887 ,50.6
749 ,53.0628 ,8.55451 ,8.0887 ,50.6624
750 ,53.5497 ,8.35411 ,8.0887 ,50.7258
751 ,52.447 ,8.59911 ,8.0887 ,50.7778
752 ,57.6001 ,8.65474 ,8.0887 ,50.8468
753 ,50.8209 ,8.42399 ,8.0887 ,50.9043
754 ,52.3827 ,8.89606 ,8.0887 ,50.9609
755 ,55.0482 ,8.77597 ,8.0887 ,51.0221
756 ,55.1952 ,8.38234 ,8.0887 ,51.0856
757 ,53.8585 ,8.35557 ,8.0887 ,51.1479
758 ,53.1102 ,8.26067 ,8.0887 ,51.2083
759 ,54.7784 ,8.32682 ,8.0887 ,51.2733
760 ,51.7517 ,8.6071 ,8.0887 ,51.3353
761 ,56.9021 ,8.92177 ,8.0887 ,51.4018
762 ,51.9205 ,8.18435 ,8.0887 ,51.4584
763 ,57.0573 ,8.76576 ,8.0887 ,51.5247
764 ,54.1338 ,8.75939 ,8.0887 ,51.5858
765 ,55.3455 ,8.60741 ,8.0887 ,51.65
766 ,56.793 ,8.80562 ,8.0887 ,51.7252
767 ,57.005 ,8.47795 ,8.0887 ,51.796
768 ,54.204 ,8.71155 ,8.0887 ,51.8581
769 ,57.9309 ,8.25724 ,8.0887 ,51.9337
770 ,58.3198 ,8.60628 ,8.0887 ,52.0041
771 ,58.9257 ,8.38388 ,8.0887 ,52.075
772 ,52.6934 ,8.60719 ,8.0887 ,52.137
773 ,56.2304 ,8.39678 ,8.0887 ,52.2071
774 ,53.3248 ,8.60088 ,8.0887 ,52.2677
775 ,57.6311 ,8.40345 ,8.0887 ,52.3424
776 ,54.7903 ,8.571 ,8.0887 ,52.4047
777 ,59.7156 ,8.45827 ,8.0887 ,52.4831
778 ,56.2993 ,8.53922 ,8.0887 ,52.5507
779 ,54.6449 ,8.82236 ,8.0887 ,52.6131
780 ,56.8625 ,8.95083 ,8.0887 ,52.681
781 ,53.1913 ,8.49748 ,8.0887 ,52.7417
782 ,55.8105 ,8.33211 ,8.0887 ,52.8119
783 ,53.6559 ,8.60545 ,8.0887 ,52.8772
784 ,58.5105 ,8.96497 ,8.0887 ,52.9491
785 ,56.5939 ,8.47156 ,8.0887 ,53.0171
786 ,56.4016 ,8.39159 ,8.0887 ,53.0865
787 ,49.3665 ,8.47377 ,8.0887 ,53.1419
788 ,62.04 ,8.34134 ,8.0887 ,53.2233
789 ,55.2326 ,8.73981 ,8.0887 ,53.2893
790 ,54.7285 ,8.79492 ,8.0887 ,53.3517
791 ,56.3845 ,8.57266 ,8.0887 ,53.418
792 ,56.4781 ,8.7169 ,8.0887 ,53.4851
793 ,54.9004 ,8.76223 ,8.0887 ,53.5433
794 ,57.9576 ,8.20366 ,8.0887 ,53.62
795 ,53.114 ,8.65673 ,8.0887 ,53.6791
796 ,54.2864 ,8.30233 ,8.0887 ,53.7432
797 ,56.2576 ,9.13345 ,8.0887 ,53.8115
798 ,54.3565 ,8.67167 ,8.0887 ,53.8765
799 ,57.3545 ,8.49578 ,8.0887 ,53.9468
800 ,55.6254 ,8.22116 ,8.0887 ,54.0175
801 ,58.7759 ,8.6231 ,8.0887 ,54.0888
802 ,55.492 ,8.55828 ,8.0887 ,54.1509
803 ,54.1265 ,8.52544 ,8.0887 ,54.219
804 ,60.6071 ,8.74568 ,8.0887 ,54.2943
805 ,54.3147 ,8.26216 ,8.0887 ,54.3565
806 ,54.7129 ,8.28056 ,8.0887 ,54.4228
807 ,59.941 ,8.54955 ,8.0887 ,54.5025
808 ,55.39 ,8.52611 ,8.0887 ,54.5706
809 ,54.011 ,8.66401 ,8.0887 ,54.6287
810 ,52.0747 ,8.65319 ,8.0887 ,54.6863
811 ,59.6048 ,8.30879 ,8.0887 ,54.7645
812 ,53.7319 ,8.36578 ,8.0887 ,54.8263
813 ,55.1004 ,8.52942 ,8.0887 ,54.8935
814 ,56.6129 ,8.23589 ,8.0887 ,54.9617
815 ,53.256 ,8.60007 ,8.0887 ,55.0192
816 ,56.4151 ,8.25672 ,8.0887 ,55.0906
817 ,57.9718 ,8.49973 ,8.0887 ,55.1635
818 ,54.7011 ,8.53332 ,8.0887 ,55.2293
819 ,54.7622 ,8.35404 ,8.0887 ,55.2911
820 ,58.4044 ,8.90594 ,8.0887 ,55.3646
821 ,57.5436 ,8.65565 ,8.0887 ,55.4367
822 ,60.1397 ,8.49325 ,8.0887 ,55.5168
823 ,59.2257 ,8.46259 ,8.0887 ,55.5854
824 ,55.8561 ,8.83986 ,8.0887 ,55.6543
825 ,53.2061 ,8.69614 ,8.0887 ,55.711
826 ,55.8096 ,8.42783 ,8.0887 ,55.7754
827 ,62.3123 ,8.41419 ,8.0887 ,55.8564
828 ,53.8795 ,8.65588 ,8.0887 ,55.92
829 ,60.4717 ,8.45488 ,8.0887 ,56.0012
830 ,56.8447 ,8.28434 ,8.0887 ,56.0699
831 ,54.6417 ,8.65785 ,8.0887 ,56.1325
832 ,54.5947 ,8.26196 ,8.0887 ,56.2019
833 ,57.1008 ,8.77552 ,8.0887 ,56.2724
834 ,55.0531 ,9.1632 ,8.0887 ,56.3383
835 ,55.1968 ,8.68493 ,8.0887 ,56.4039
836 ,56.1117 ,8.56485 ,8.0887 ,56.4738
837 ,54.9003 ,8.70385 ,8.0887 ,56.5392
838 ,53.1572 ,8.23014 ,8.0887 ,56.5934
839 ,54.8241 ,8.68484 ,8.0887 ,56.6561
840 ,54.3174 ,8.70959 ,8.0887 ,56.7225
841 ,57.0152 ,8.63461 ,8.0887 ,56.7942
842 ,61.1136 ,8.69266 ,8.0887 ,56.8814
843 ,52.7414 ,8.71333 ,8.0887 ,56.9396
844 ,54.0953 ,8.11012 ,8.0887 ,57.0031
845 ,58.7617 ,8.54927 ,8.0887 ,57.0776
846 ,53.6956 ,8.78241 ,8.0887 ,57.139
847 ,59.4305 ,8.90692 ,8.0887 ,57.2128
848 ,55.4857 ,8.61582 ,8.0887 ,57.2779
849 ,54.7671 ,8.31196 ,8.0887 ,57.3476
850 ,58.5489 ,8.44525 ,8.0887 ,57.4229
851 ,54.8092 ,8.74221 ,8.0887 ,57.4864
852 ,55.8971 ,8.75812 ,8.0887 ,57.5521
853 ,56.2029 ,8.2855 ,8.0887 ,57.6223
854 ,56.3588 ,8.3717 ,8.0887 ,57.6986
855 ,57.9732 ,8.72029 ,8.0887 ,57.7717
856 ,57.2192 ,8.2203 ,8.0887 ,57.8422
857 ,56.6233 ,8.7636 ,8.0887 ,57.9149
858 ,57.6657 ,8.58914 ,8.0887 ,57.9892
859 ,58.7626 ,8.1856 ,8.0887 ,58.0637
860 ,52.6361 ,8.40916 ,8.0887 ,58.124
861 ,52.3699 ,8.87696 ,8.0887 ,58.1799
862 ,56.1992 ,8.29346 ,8.0887 ,58.2481
863 ,52.0268 ,9.20527 ,8.0887 ,58.3048
864 ,59.3516 ,8.44817 ,8.0887 ,58.3766
865 ,55.7123 ,8.56973 ,8.0887 ,58.4457
866 ,54.5587 ,8.62637 ,8.0887 ,58.5117
867 ,56.4922 ,8.57191 ,8.0887 ,58.5813
868 ,56.6722 ,8.78646 ,8.0887 ,58.6498
869 ,60.3099 ,8.92898 ,8.0887 ,58.7287
870 ,55.9521 ,8.76495 ,8.0887 ,58.7983
871 ,55.9471 ,8.60819 ,8.0887 ,58.8714
872 ,56.5779 ,8.58693 ,8.0887 ,58.9383
873 ,53.9855 ,8.51091 ,8.0887 ,59.0003
874 ,58.1478 ,8.75341 ,8.0887 ,59.072
875 ,55.1947 ,8.54055 ,8.0887 ,59.1397
876 ,48.1926 ,8.87175 ,8.0887 ,59.1905
877 ,58.3607 ,8.50314 ,8.0887 ,59.266
878 ,55.7722 ,8.37126 ,8.0887 ,59.3293
879 ,57.4855 ,8.63737 ,8.0887 ,59.4024
880 ,51.4009 ,8.71275 ,8.0887 ,59.4602
881 ,58.9494 ,8.46778 ,8.0887 ,59.5392
882 ,59.7065 ,8.53421 ,8.0887 ,59.613
883 ,57.2584 ,8.23076 ,8.0887 ,59.6886
884 ,55.0019 ,8.46992 ,8.0887 ,59.7527
885 ,57.3394 ,8.82297 ,8.0887 ,59.8217
886 ,53.7696 ,8.36638 ,8.0887 ,59.8826
887 ,56.18 ,8.10218 ,8.0887 ,59.9514
888 ,60.9131 ,8.87175 ,8.0887 ,60.0337
