Best Score, SEED, HMIN, HMAX, T, TMAX, MMAX, alpha, beta, gamma, LAMBDA
8.16608, 1070124, 3, 4, 461, 1326, 3570, 1.38096, 0.968868, 0.913376, 14
8.32386, 1070125, 4, 5, 1653, 2946, 3770, 1.29532, 0.082906, 0.424901, 12
8.36366, 1070126, 3, 4, 529, 983, 1550, 3.22694, 0.94305, 0.967326, 2
8.18397, 1070127, 4, 5, 2528, 4244, 6938, 3.8457, 0.227889, 0.016106, 12
8.19743, 1070128, 3, 7, 12224, 28508, 49876, 3.9839, 0.270507, 0.80572, 19
8.3326, 1070129, 3, 7, 5386, 7431, 17102, 3.40678, 0.304834, 0.605361, 17
8.28076, 1070130, 4, 4, 779, 1122, 1351, 3.22085, 0.430216, 0.794857, 9
8.35243, 1070131, 3, 6, 6199, 17936, 50221, 1.28335, 0.928584, 0.179016, 9
8.52692, 1070132, 4, 4, 457, 1019, 1321, 1.6509, 0.0421207, 0.610806, 18
8.2323, 1070133, 4, 7, 5411, 10946, 30659, 3.70011, 0.205548, 0.35354, 2
8.32515, 1070134, 4, 6, 4189, 11264, 11682, 3.37826, 0.538608, 0.865283, 16
8.26447, 1070135, 4, 4, 634, 1106, 1402, 3.52652, 0.15678, 0.633015, 19
8.32231, 1070136, 3, 5, 1859, 4570, 9525, 3.18693, 0.449536, 0.00915758, 14
8.36965, 1070137, 3, 3, 207, 308, 906, 3.07331, 0.0941875, 0.190386, 15
8.40796, 1070138, 5, 5, 791, 853, 2058, 1.15532, 0.506093, 0.482035, 13
8.18777, 1070139, 5, 7, 8451, 13101, 22674, 2.17723, 0.272822, 0.19637, 5
8.22477, 1070140, 4, 6, 5262, 15595, 28887, 3.61657, 0.286406, 0.102313, 14
8.20925, 1070141, 3, 5, 1814, 4521, 4964, 3.13038, 0.636963, 0.638413, 13
8.29743, 1070142, 3, 5, 2827, 5953, 9749, 1.08007, 0.0638884, 0.463742, 17
8.25071, 1070143, 7, 7, 3926, 9352, 16966, 1.57523, 0.164229, 0.842458, 10
8.1661, 1070144, 3, 6, 3649, 9636, 28005, 1.74015, 0.258403, 0.496503, 4
8.30956, 1070145, 4, 6, 3437, 5513, 10464, 3.16055, 0.198541, 0.459954, 19
8.31259, 1070146, 3, 3, 111, 278, 423, 2.04019, 0.245434, 0.7718, 4
8.26156, 1070147, 7, 7, 3329, 5309, 6419, 2.47774, 0.292882, 0.870125, 5
8.27473, 1070148, 3, 5, 1617, 4826, 9737, 2.32048, 0.867134, 0.312501, 16
8.35256, 1070149, 5, 6, 2898, 6041, 17013, 2.56391, 0.824298, 0.390705, 16
8.14774, 1070150, 3, 6, 3646, 4882, 14026, 3.38538, 0.0534426, 0.0576727, 13
8.3346, 1070151, 3, 5, 1259, 1869, 5322, 3.29366, 0.0256975, 0.229648, 15
8.32234, 1070152, 3, 4, 429, 869, 1218, 3.58414, 0.00171552, 0.0511202, 3
8.18135, 1070153, 4, 7, 13474, 33677, 73746, 1.33153, 0.521606, 0.723721, 17
8.27329, 1070154, 6, 6, 1441, 3796, 4004, 1.60589, 0.632831, 0.175491, 10
8.23895, 1070155, 5, 7, 5219, 10269, 16849, 2.7504, 0.195317, 0.0433621, 7
8.26026, 1070156, 6, 6, 3419, 7842, 10673, 2.17814, 0.00023503, 0.34338, 16
8.23788, 1070157, 5, 6, 4043, 10622, 27863, 3.31184, 0.357995, 0.097483, 14
8.37747, 1070158, 3, 6, 6006, 6521, 7242, 2.23595, 0.454116, 0.711425, 3
8.52067, 1070159, 3, 3, 244, 435, 992, 2.21822, 0.450425, 0.786975, 14
8.42424, 1070160, 3, 4, 818, 1600, 3525, 1.72431, 0.561527, 0.293961, 15
8.36835, 1070161, 3, 7, 5638, 6566, 18333, 2.52805, 0.161324, 0.861262, 7
8.2616, 1070162, 3, 7, 6371, 11286, 24508, 2.14172, 0.564868, 0.420436, 10
8.24242, 1070163, 4, 5, 2070, 3010, 6566, 1.13297, 0.0791339, 0.393665, 7
8.28304, 1070164, 6, 7, 4158, 8166, 19337, 3.35692, 0.830876, 0.986157, 10
8.27027, 1070165, 5, 6, 3475, 6929, 16641, 2.8819, 0.613982, 0.797394, 17
8.43751, 1070166, 4, 4, 639, 1279, 3483, 2.06064, 0.0461821, 0.573672, 17
8.37352, 1070167, 3, 4, 817, 1074, 2652, 1.32848, 0.0245152, 0.482818, 12
8.3195, 1070168, 3, 7, 12481, 17013, 48985, 1.42296, 0.270747, 0.941462, 20
8.28905, 1070169, 4, 7, 10198, 12926, 17035, 3.26633, 0.484412, 0.815726, 21
8.34398, 1070170, 3, 4, 778, 2358, 6070, 3.86809, 0.376358, 0.724611, 3
8.22503, 1070171, 5, 6, 4820, 12590, 25393, 1.26912, 0.210114, 0.779619, 8
8.17949, 1070172, 4, 7, 8528, 22674, 37116, 2.1299, 0.907719, 0.788338, 6
8.2476, 1070173, 4, 4, 721, 873, 1310, 3.9457, 0.306153, 0.427414, 7
8.46189, 1070174, 4, 5, 2002, 3058, 3450, 3.72543, 0.323092, 0.554736, 12
8.36811, 1070175, 3, 4, 608, 1773, 4799, 2.71083, 0.7765, 0.39835, 9
8.38576, 1070176, 4, 5, 1112, 1687, 3739, 3.14576, 0.136691, 0.925541, 5
8.30015, 1070177, 5, 5, 1064, 1916, 3666, 3.73765, 0.896385, 0.540602, 14
8.32901, 1070178, 7, 7, 3207, 7058, 11954, 1.67573, 0.630764, 0.721254, 12
8.36809, 1070179, 4, 5, 1078, 2164, 6392, 3.37877, 0.0549065, 0.792528, 9
8.56263, 1070180, 4, 4, 368, 556, 778, 3.88939, 0.169677, 0.0981776, 13
8.28819, 1070181, 6, 7, 8386, 25079, 30913, 1.66532, 0.206954, 0.156552, 8
8.14551, 1070182, 7, 7, 4393, 12030, 35821, 3.79023, 0.543081, 0.0967184, 11
8.27247, 1070183, 5, 6, 3078, 7190, 16162, 2.60822, 0.754903, 0.15454, 16
8.21271, 1070184, 5, 7, 9669, 21969, 47280, 1.32102, 0.166455, 0.460872, 21
8.32736, 1070185, 3, 5, 1602, 2454, 6063, 2.84631, 0.376508, 0.445602, 4
8.4364, 1070186, 4, 5, 1741, 2355, 5196, 3.58545, 0.906725, 0.160829, 15
8.31249, 1070187, 6, 7, 4839, 5561, 13792, 1.57117, 0.170987, 0.97526, 8
8.15311, 1070188, 6, 6, 2969, 7481, 14463, 1.52774, 0.51968, 0.211843, 10
8.28486, 1070189, 6, 6, 1394, 3948, 4876, 1.96377, 0.271985, 0.342308, 18
8.26442, 1070190, 5, 5, 790, 2274, 3009, 2.03962, 0.496236, 0.612246, 20
8.61045, 1070191, 3, 3, 194, 302, 355, 1.10205, 0.947156, 0.181141, 8
8.3547, 1070192, 4, 5, 1169, 1812, 2394, 2.03252, 0.117395, 0.921512, 16
8.31814, 1070193, 4, 5, 1135, 2299, 3990, 3.15822, 0.710376, 0.025887, 18
8.22112, 1070194, 3, 6, 6192, 17421, 31714, 1.16696, 0.868222, 0.676988, 12
8.48712, 1070195, 4, 4, 469, 512, 1063, 1.30955, 0.819331, 0.595922, 4
8.14247, 1070196, 3, 6, 5959, 10045, 15599, 2.49337, 0.75981, 0.621605, 13
8.43162, 1070197, 5, 5, 1274, 3224, 3935, 3.98332, 0.780326, 0.574447, 13
8.25468, 1070198, 6, 6, 2542, 5872, 7350, 1.20204, 0.433235, 0.600756, 17
8.18724, 1070199, 4, 7, 7105, 17252, 25860, 3.5349, 0.126234, 0.401797, 18
8.19026, 1070200, 3, 6, 4211, 8417, 21634, 2.36327, 0.194301, 0.113977, 14
8.43405, 1070201, 5, 5, 1359, 3709, 10097, 2.61094, 0.525448, 0.798612, 6
8.22085, 1070202, 3, 6, 3583, 9435, 16476, 3.17829, 0.142449, 0.0458362, 9
8.19677, 1070203, 3, 7, 14316, 31054, 67984, 3.36538, 0.0048551, 0.445939, 14
8.15767, 1070204, 3, 7, 10179, 11738, 34227, 3.82451, 0.210787, 0.0530952, 5
8.36701, 1070205, 4, 5, 1147, 1248, 1310, 3.79082, 0.0730096, 0.0234499, 10
8.1771, 1070206, 6, 6, 3813, 6185, 7487, 2.12507, 0.0971964, 0.126911, 12
8.46969, 1070207, 4, 4, 359, 811, 2235, 1.15469, 0.114369, 0.408142, 12
8.13345, 1070208, 7, 7, 6777, 8894, 20555, 1.8812, 0.732197, 0.0299428, 5
8.3436, 1070209, 3, 5, 2079, 2521, 3897, 1.09849, 0.092447, 0.663581, 14
8.27718, 1070210, 3, 6, 4933, 14766, 33695, 2.15311, 0.624207, 0.102475, 6
8.0987, 1070211, 4, 6, 5049, 12673, 16530, 1.7128, 0.997699, 0.579168, 14
8.28654, 1070212, 4, 7, 9374, 14293, 24523, 1.52813, 0.860471, 0.0471438, 18
8.23399, 1070213, 3, 7, 13834, 36658, 108995, 2.52733, 0.875648, 0.840454, 18
8.31816, 1070214, 5, 5, 1740, 2203, 5654, 3.92385, 0.171163, 0.698157, 13
8.1955, 1070215, 4, 6, 3910, 11215, 28291, 1.37173, 0.525319, 0.989395, 2
8.22207, 1070216, 4, 6, 4526, 9436, 11013, 3.55849, 0.473215, 0.145098, 3
8.25361, 1070217, 5, 7, 5306, 13873, 19523, 3.53086, 0.423054, 0.669216, 10
8.32331, 1070218, 3, 3, 101, 157, 221, 1.98467, 0.560642, 0.722992, 19
8.24879, 1070219, 6, 6, 2885, 8029, 10583, 1.20731, 0.47062, 0.336612, 15
8.26668, 1070220, 5, 6, 5253, 13999, 16161, 3.71697, 0.868684, 0.927672, 21
8.23409, 1070221, 3, 6, 6758, 7472, 14804, 1.08976, 0.78607, 0.153672, 2
8.41753, 1070222, 4, 4, 612, 1178, 1429, 2.23148, 0.100578, 0.586365, 17
8.54762, 1070223, 4, 4, 595, 790, 1923, 1.50017, 0.435182, 0.251678, 20
8.30419, 1070224, 4, 6, 2787, 6444, 15374, 1.80003, 0.961261, 0.112634, 19
8.31046, 1070225, 3, 7, 7427, 16386, 49102, 1.79476, 0.472467, 0.220876, 15
8.3883, 1070226, 4, 5, 2336, 6187, 8952, 1.9666, 0.373165, 0.527012, 9
8.30518, 1070227, 4, 6, 2404, 7190, 16473, 3.52299, 0.84138, 0.247989, 9
8.27985, 1070228, 5, 7, 7981, 11178, 33310, 2.79511, 0.702713, 0.613914, 16
8.36755, 1070229, 3, 5, 1819, 3352, 8226, 3.32472, 0.0676865, 0.336733, 8
8.32566, 1070230, 4, 5, 1484, 4378, 6250, 1.69438, 0.269821, 0.792371, 6
8.30279, 1070231, 4, 6, 5138, 6592, 19445, 2.4509, 0.989987, 0.194013, 17
8.28343, 1070232, 3, 3, 252, 593, 1740, 1.26019, 0.110319, 0.843062, 11
8.22507, 1070233, 4, 7, 6982, 15240, 25681, 3.21442, 0.260561, 0.242454, 8
8.21138, 1070234, 4, 6, 6112, 9118, 9493, 3.24953, 0.102956, 0.540143, 5
8.29821, 1070235, 4, 4, 550, 1085, 1417, 3.81287, 0.633176, 0.722962, 7
8.36386, 1070236, 3, 5, 1223, 2495, 5534, 2.3615, 0.204607, 0.0654618, 21
8.20965, 1070237, 7, 7, 3914, 7786, 9825, 2.79654, 0.733337, 0.467379, 16
8.24205, 1070238, 4, 7, 13546, 29225, 39322, 3.28946, 0.7724, 0.817149, 9
8.12561, 1070239, 4, 7, 7545, 14068, 41382, 1.94575, 0.720026, 0.979487, 11
8.29857, 1070240, 7, 7, 5151, 9308, 12312, 3.42093, 0.110561, 0.487946, 8
8.2654, 1070241, 3, 6, 5589, 9025, 12915, 2.43866, 0.10821, 0.309527, 17
8.20206, 1070242, 7, 7, 4393, 10084, 15679, 2.81623, 0.146313, 0.507422, 5
8.30384, 1070243, 3, 7, 8804, 11877, 24888, 1.58803, 0.959616, 0.852082, 12
8.33097, 1070244, 4, 4, 641, 842, 2128, 2.95602, 0.326571, 0.895157, 20
8.48441, 1070245, 3, 5, 1412, 3637, 9174, 2.06993, 0.701476, 0.696741, 12
8.31359, 1070246, 3, 7, 12929, 25503, 36186, 3.17763, 0.225118, 0.730645, 20
8.44834, 1070247, 4, 5, 2427, 3825, 5793, 2.96312, 0.63003, 0.107487, 10
8.41643, 1070248, 7, 7, 4924, 7675, 13391, 1.5565, 0.790961, 0.515472, 20
8.26411, 1070249, 7, 7, 5302, 14092, 32220, 2.01872, 0.691903, 0.211269, 5
8.27653, 1070250, 5, 7, 5388, 11161, 13702, 2.5702, 0.787313, 0.889448, 5
8.28809, 1070251, 7, 7, 4963, 9280, 23077, 2.13897, 0.619958, 0.55691, 8
8.23973, 1070252, 6, 6, 3159, 4060, 8611, 1.90783, 0.436255, 0.0265332, 13
8.35639, 1070253, 3, 3, 250, 779, 997, 1.74019, 0.0617232, 0.872215, 17
8.30293, 1070254, 5, 5, 1377, 3897, 3994, 1.7432, 0.45589, 0.465252, 20
8.22521, 1070255, 4, 6, 5809, 12304, 33626, 2.43588, 0.23688, 0.279497, 14
8.23449, 1070256, 4, 6, 5797, 10613, 22061, 3.89526, 0.328286, 0.217947, 21
8.36318, 1070257, 3, 5, 2501, 5451, 10809, 3.8377, 0.163476, 0.173625, 13
8.27906, 1070258, 4, 5, 2269, 5949, 7191, 3.71921, 0.174375, 0.84039, 11
8.22626, 1070259, 3, 5, 2963, 8894, 15008, 3.42283, 0.620815, 0.876178, 6
8.21807, 1070260, 5, 7, 11445, 29026, 45513, 3.90496, 0.614431, 0.226028, 5
8.15131, 1070261, 5, 6, 3490, 8902, 14013, 2.37559, 0.985334, 0.0299765, 20
8.285, 1070262, 4, 6, 4921, 13449, 16421, 3.15541, 0.520155, 0.200691, 3
8.24334, 1070263, 4, 6, 4720, 9000, 13816, 1.49545, 0.661861, 0.140615, 20
8.29839, 1070264, 5, 7, 5651, 15988, 33432, 2.71987, 0.627041, 0.0194204, 3
8.25277, 1070265, 5, 6, 5076, 6735, 15570, 1.59806, 0.0860228, 0.464352, 10
8.3127, 1070266, 3, 5, 2988, 4323, 12556, 1.78077, 0.833817, 0.843375, 13
8.24247, 1070267, 3, 6, 6682, 13428, 30539, 2.99792, 0.28802, 0.8541, 18
8.26283, 1070268, 3, 4, 863, 1657, 3662, 2.13269, 0.720916, 0.230128, 4
8.45734, 1070269, 4, 5, 1096, 1165, 1973, 3.29765, 0.536982, 0.482494, 8
8.22439, 1070270, 5, 7, 8514, 10527, 30647, 1.73727, 0.146826, 0.176227, 13
8.25723, 1070271, 5, 5, 1780, 4734, 11635, 1.23772, 0.924179, 0.663709, 5
8.16608, 1070272, 4, 7, 8396, 17064, 26697, 2.76375, 0.186971, 0.935335, 16
8.2378, 1070273, 7, 7, 6337, 16030, 18530, 3.52084, 0.377043, 0.122636, 12
8.25757, 1070274, 5, 7, 8852, 26341, 78005, 3.14495, 0.91419, 0.707776, 13
8.29307, 1070275, 3, 5, 1746, 2435, 6885, 1.68679, 0.875756, 0.531962, 14
8.34873, 1070276, 3, 3, 136, 319, 468, 3.26172, 0.55394, 0.201481, 3
8.38013, 1070277, 3, 5, 1339, 1472, 1519, 1.34048, 0.694418, 0.457608, 19
8.3599, 1070278, 6, 7, 4426, 4485, 6055, 3.94189, 0.510291, 0.762638, 19
8.16597, 1070279, 6, 7, 9564, 23485, 42617, 1.64873, 0.504245, 0.845196, 6
8.19251, 1070280, 6, 7, 8365, 13549, 38576, 2.39075, 0.915706, 0.453227, 3
8.2417, 1070281, 4, 7, 12154, 20082, 20132, 3.98251, 0.377066, 0.306822, 21
8.20188, 1070282, 7, 7, 6378, 11007, 21345, 2.09982, 0.612861, 0.23436, 16
8.22301, 1070283, 5, 5, 1945, 4546, 5778, 2.83717, 0.708923, 0.7991, 19
8.25873, 1070284, 3, 3, 213, 264, 347, 3.16108, 0.447891, 0.71395, 15
8.21538, 1070285, 3, 5, 2678, 7477, 15437, 1.49476, 0.103058, 0.839816, 2
8.33059, 1070286, 4, 6, 4474, 8436, 15373, 2.71445, 0.812208, 0.0452877, 2
8.47627, 1070287, 3, 4, 638, 808, 1939, 3.70387, 0.473452, 0.372353, 3
8.338, 1070288, 4, 5, 1603, 3996, 10924, 1.18465, 0.379768, 0.3898, 14
8.12622, 1070289, 7, 7, 6302, 7762, 16929, 2.56339, 0.240907, 0.413501, 17
8.4516, 1070290, 3, 3, 168, 251, 518, 2.25611, 0.297968, 0.332963, 21
8.26791, 1070291, 5, 6, 2670, 4347, 4586, 1.22641, 0.756575, 0.0359044, 12
8.26547, 1070292, 3, 5, 1542, 2821, 6072, 2.29477, 0.928759, 0.272426, 20
8.25562, 1070293, 5, 7, 6535, 6613, 14004, 2.09949, 0.487276, 0.723905, 9
8.38572, 1070294, 3, 4, 1006, 1587, 3357, 2.7747, 0.31937, 0.530064, 17
8.33197, 1070295, 4, 4, 442, 714, 2022, 3.05406, 0.896974, 0.236947, 21
8.15311, 1070296, 7, 7, 3212, 7771, 11568, 2.17321, 0.48818, 0.0484618, 2
8.30872, 1070297, 5, 6, 4066, 8795, 19148, 2.40846, 0.375645, 0.324729, 15
8.35737, 1070298, 5, 5, 863, 1952, 5241, 2.03163, 0.396378, 0.503549, 18
8.41481, 1070299, 4, 5, 1915, 3098, 7349, 1.11925, 0.853008, 0.533609, 12
8.25953, 1070300, 3, 7, 12504, 13368, 18809, 2.93227, 0.826683, 0.19604, 4
8.15955, 1070301, 3, 6, 4184, 9664, 26351, 3.4587, 0.392755, 0.107912, 15
8.12727, 1070302, 4, 6, 5869, 16293, 41984, 3.24154, 0.062042, 0.226935, 14
8.27215, 1070303, 5, 5, 1277, 1881, 2109, 3.33756, 0.0370271, 0.65296, 21
8.37597, 1070304, 4, 4, 489, 945, 1385, 1.51932, 0.586325, 0.0621356, 7
8.17748, 1070305, 3, 5, 2394, 4465, 7523, 2.95646, 0.823041, 0.903638, 2
8.42292, 1070306, 4, 5, 2373, 4321, 12454, 3.85898, 0.139393, 0.378737, 15
8.37499, 1070307, 3, 5, 2048, 5103, 9029, 2.71578, 0.830899, 0.837169, 15
8.29232, 1070308, 3, 5, 1040, 2329, 3992, 1.18723, 0.988152, 0.590573, 9
8.30796, 1070309, 4, 5, 2351, 3554, 5420, 3.67637, 0.376563, 0.925813, 21
8.43392, 1070310, 4, 4, 662, 1260, 2643, 1.06013, 0.262101, 0.314216, 5
8.43403, 1070311, 4, 4, 363, 941, 1471, 2.96381, 0.88218, 0.449915, 10
8.28952, 1070312, 3, 3, 263, 790, 1072, 2.78122, 0.5092, 0.0762395, 19
8.54648, 1070313, 4, 4, 481, 765, 2225, 3.2461, 0.183162, 0.894058, 18
8.29075, 1070314, 3, 3, 197, 317, 776, 3.56427, 0.365516, 0.2949, 12
8.4247, 1070315, 3, 3, 263, 438, 538, 1.54924, 0.0390017, 0.556955, 10
8.28898, 1070316, 4, 6, 4492, 5428, 10756, 1.44712, 0.0792548, 0.610247, 21
8.3652, 1070317, 4, 4, 488, 1305, 3314, 1.00638, 0.496845, 0.433899, 15
8.36213, 1070318, 5, 5, 980, 1361, 1406, 1.25265, 0.228938, 0.631076, 10
8.35733, 1070319, 3, 4, 607, 1596, 3092, 1.05243, 0.29402, 0.527357, 20
8.1687, 1070320, 3, 7, 4806, 12159, 23046, 3.36187, 0.738232, 0.852759, 19
8.26398, 1070321, 6, 6, 2770, 3773, 9708, 3.51452, 0.807799, 0.0710733, 14
8.18573, 1070322, 3, 7, 10756, 13685, 24493, 1.33136, 0.994595, 0.855069, 14
8.45878, 1070323, 3, 3, 179, 222, 613, 2.86339, 0.713828, 0.470091, 13
8.4111, 1070324, 4, 4, 540, 737, 857, 3.85385, 0.421779, 0.19861, 3
8.26112, 1070325, 3, 3, 234, 457, 1094, 1.41059, 0.782037, 0.0823504, 7
8.22915, 1070326, 4, 4, 677, 1638, 1812, 2.24113, 0.617058, 0.939173, 4
8.49793, 1070327, 3, 4, 565, 1254, 1387, 1.72709, 0.703842, 0.322851, 8
8.39514, 1070328, 4, 4, 808, 1242, 2106, 1.79564, 0.967958, 0.470102, 5
8.30357, 1070329, 3, 6, 3385, 3606, 5204, 1.33801, 0.148132, 0.458948, 10
8.1934, 1070330, 3, 7, 7411, 16828, 33193, 2.63936, 0.624308, 0.434318, 5
8.37215, 1070331, 3, 3, 246, 422, 1112, 1.41868, 0.56608, 0.277071, 16
8.46475, 1070332, 3, 4, 582, 1060, 2537, 2.92984, 0.836889, 0.98424, 8
8.26924, 1070333, 3, 7, 8322, 8564, 16266, 1.33522, 0.564841, 0.579154, 2
8.24967, 1070334, 3, 5, 1375, 3322, 6970, 3.98221, 0.631759, 0.814055, 18
8.18766, 1070335, 3, 5, 1931, 4325, 9605, 1.50844, 0.499736, 0.124573, 7
8.23148, 1070336, 4, 6, 5437, 6182, 6580, 2.39881, 0.399499, 0.0261028, 9
8.42176, 1070337, 3, 5, 1505, 4506, 4768, 2.94182, 0.0556627, 0.989946, 20
8.26199, 1070338, 5, 7, 10256, 15348, 39606, 1.93488, 0.516786, 0.114923, 15
8.32436, 1070339, 4, 4, 335, 781, 2150, 1.00951, 0.283484, 0.751884, 14
8.31264, 1070340, 3, 5, 1409, 1713, 3358, 1.6363, 0.290359, 0.122382, 11
8.25519, 1070341, 3, 4, 992, 2160, 5190, 1.41305, 0.621579, 0.918222, 11
8.29875, 1070342, 3, 4, 605, 933, 1820, 1.41066, 0.238147, 0.4887, 2
8.52609, 1070343, 3, 4, 786, 1716, 3136, 2.0058, 0.058441, 0.0526708, 2
8.26765, 1070344, 4, 6, 4425, 11575, 23057, 3.41348, 0.440975, 0.37749, 19
8.23566, 1070345, 7, 7, 4444, 11702, 21729, 1.55889, 0.773107, 0.512115, 9
8.52332, 1070346, 3, 4, 582, 1093, 2420, 3.86399, 0.362248, 0.240678, 6
8.37969, 1070347, 3, 3, 220, 580, 1433, 1.09737, 0.660476, 0.953626, 18
8.3439, 1070348, 3, 5, 1225, 3024, 3351, 2.44426, 0.0573868, 0.390085, 9
8.50682, 1070349, 3, 3, 191, 264, 629, 2.43854, 0.304864, 0.662613, 18
8.21516, 1070350, 6, 7, 8362, 10506, 22386, 1.6525, 0.483477, 0.556466, 14
8.17628, 1070351, 3, 3, 191, 246, 705, 1.5059, 0.074631, 0.692876, 3
8.14759, 1070352, 5, 6, 4263, 11223, 15030, 2.59329, 0.771588, 0.097765, 11
8.318, 1070353, 5, 6, 3950, 11386, 22943, 1.72903, 0.968148, 0.262612, 9
8.14774, 1070354, 4, 7, 7288, 17703, 24763, 3.67018, 0.644496, 0.492235, 2
8.34611, 1070355, 6, 6, 3332, 8917, 24380, 2.02399, 0.73501, 0.0286992, 20
8.18705, 1070356, 7, 7, 5025, 14198, 41878, 2.47028, 0.916437, 0.276603, 6
8.2829, 1070357, 4, 4, 384, 448, 756, 2.54851, 0.211877, 0.703772, 18
8.3186, 1070358, 4, 5, 2180, 3011, 6996, 1.05469, 0.787526, 0.595895, 2
8.43391, 1070359, 6, 6, 1592, 2126, 3050, 3.8091, 0.39568, 0.431039, 16
8.27806, 1070360, 5, 6, 3219, 3679, 5349, 1.17479, 0.827546, 0.511512, 12
8.38217, 1070361, 3, 4, 531, 919, 2505, 1.70097, 0.567968, 0.923339, 12
8.29609, 1070362, 5, 6, 2553, 2774, 7082, 1.74869, 0.538844, 0.0887919, 4
8.18499, 1070363, 5, 7, 8252, 22979, 25486, 1.7147, 0.40496, 0.895835, 2
8.47596, 1070364, 6, 6, 2246, 2879, 3466, 1.27546, 0.015483, 0.983404, 11
8.22841, 1070365, 6, 6, 2274, 5288, 13619, 2.00256, 0.102557, 0.756051, 19
8.29719, 1070366, 7, 7, 3890, 4663, 7477, 1.47773, 0.0887975, 0.475894, 10
8.34524, 1070367, 3, 3, 146, 381, 845, 3.67157, 0.117921, 0.577559, 4
8.22576, 1070368, 3, 7, 14062, 27065, 45860, 1.55754, 0.58045, 0.729883, 15
8.26547, 1070369, 6, 7, 8565, 16070, 35854, 3.57367, 0.0232692, 0.747421, 18
8.20583, 1070370, 6, 7, 6423, 8734, 13311, 1.71686, 0.337349, 0.794718, 12
8.18665, 1070371, 3, 6, 4384, 8199, 23301, 3.63776, 0.12213, 0.00283171, 14
8.25816, 1070372, 4, 5, 1750, 3255, 5875, 3.43599, 0.80562, 0.561733, 2
8.3141, 1070373, 5, 6, 2679, 4871, 12455, 2.25621, 0.146293, 0.228435, 18
8.30534, 1070374, 3, 7, 10734, 26680, 66677, 2.43699, 0.318722, 0.568731, 9
8.54489, 1070375, 3, 3, 161, 207, 518, 1.66831, 0.448466, 0.152409, 10
8.1371, 1070376, 6, 7, 10868, 19704, 54730, 3.34593, 0.277876, 0.641619, 7
8.32841, 1070377, 5, 5, 1935, 3314, 8695, 3.67145, 0.741983, 0.045312, 3
8.23351, 1070378, 6, 7, 6115, 10457, 23169, 3.43774, 0.362382, 0.885554, 10
8.2911, 1070379, 3, 4, 612, 1829, 3851, 2.84539, 0.290026, 0.131739, 13
8.25533, 1070380, 5, 7, 4872, 13329, 33840, 3.93447, 0.45513, 0.460253, 11
8.28956, 1070381, 3, 7, 7224, 8409, 19910, 3.26223, 0.524335, 0.0399963, 19
8.29625, 1070382, 3, 6, 5499, 6223, 12118, 2.53312, 0.459777, 0.672662, 13
8.47642, 1070383, 3, 5, 1462, 3142, 4896, 2.00113, 0.680064, 0.400363, 4
8.27648, 1070384, 6, 7, 6949, 16653, 33193, 3.08216, 0.917184, 0.663846, 15
8.12926, 1070385, 3, 3, 114, 272, 337, 2.00916, 0.97778, 0.409203, 12
8.23596, 1070386, 4, 7, 11222, 20758, 44503, 3.24469, 0.295296, 0.407064, 17
8.36883, 1070387, 3, 5, 1069, 1532, 4591, 1.08272, 0.512747, 0.972304, 12
8.32358, 1070388, 4, 4, 296, 580, 1192, 2.10297, 0.177129, 0.504573, 20
8.44807, 1070389, 3, 3, 193, 285, 668, 1.2368, 0.84096, 0.191753, 16
8.15263, 1070390, 6, 6, 2972, 8076, 16073, 3.42742, 0.377805, 0.362079, 20
8.25663, 1070391, 3, 7, 13561, 22098, 55958, 2.56506, 0.5504, 0.873711, 5
8.22293, 1070392, 3, 7, 12570, 23748, 62006, 3.63054, 0.733743, 0.578992, 16
8.17068, 1070393, 3, 6, 6245, 17079, 21687, 1.0405, 0.690662, 0.72242, 2
8.26731, 1070394, 4, 6, 4220, 10914, 24351, 2.90372, 0.402378, 0.796204, 16
8.47316, 1070395, 3, 3, 173, 305, 691, 3.8363, 0.016752, 0.576061, 18
8.25154, 1070396, 4, 7, 7926, 15822, 22818, 3.73983, 0.559059, 0.667022, 12
8.29297, 1070397, 3, 7, 6061, 14137, 24783, 2.25415, 0.640636, 0.649309, 14
8.29044, 1070398, 3, 7, 5753, 8868, 23015, 1.45869, 0.31611, 0.375842, 11
8.30592, 1070399, 4, 5, 1985, 5736, 10727, 3.43225, 0.225563, 0.583846, 20
8.34702, 1070400, 7, 7, 2964, 6505, 8904, 3.08922, 0.197839, 0.536502, 13
8.35343, 1070401, 4, 5, 2399, 3907, 8819, 2.50307, 0.946123, 0.290595, 16
8.36323, 1070402, 4, 6, 2774, 2804, 6618, 2.73391, 0.648333, 0.14724, 3
8.24353, 1070403, 5, 6, 3005, 6381, 13018, 2.24147, 0.193008, 0.531706, 4
8.381, 1070404, 6, 6, 2775, 3199, 8286, 2.33025, 0.338169, 0.717526, 16
8.26701, 1070405, 4, 7, 12202, 13933, 17318, 2.27609, 0.00286616, 0.234442, 4
8.27336, 1070406, 5, 7, 7654, 17921, 35546, 1.90182, 0.262473, 0.497873, 7
8.38514, 1070407, 5, 5, 1214, 1374, 1796, 3.38908, 0.100933, 0.877756, 6
8.35594, 1070408, 4, 4, 660, 1350, 1732, 3.44204, 0.822967, 0.92887, 14
8.20912, 1070409, 3, 6, 5095, 10298, 22932, 3.11079, 0.259222, 0.103486, 5
8.46153, 1070410, 3, 4, 503, 1444, 1846, 2.23009, 0.465734, 0.59344, 5
8.28194, 1070411, 3, 7, 13105, 35414, 46929, 1.76627, 0.910199, 0.48579, 14
8.27504, 1070412, 7, 7, 3170, 8675, 22719, 2.19351, 0.0930768, 0.216805, 15
8.54009, 1070413, 3, 4, 606, 696, 1907, 3.3601, 0.612569, 0.868614, 6
8.25061, 1070414, 4, 6, 6184, 12828, 36365, 1.32541, 0.330459, 0.457413, 17
8.40737, 1070415, 5, 5, 1719, 1959, 4134, 2.27889, 0.769521, 0.619223, 9
8.37563, 1070416, 4, 5, 1498, 2513, 4316, 2.81008, 0.517472, 0.786197, 11
8.14759, 1070417, 3, 6, 5308, 10440, 24381, 3.72329, 0.486026, 0.598569, 11
8.1716, 1070418, 4, 4, 631, 1024, 2932, 3.25933, 0.0852409, 0.553036, 17
8.27612, 1070419, 3, 6, 6758, 12622, 29184, 1.83521, 0.0597574, 0.00846628, 7
8.21651, 1070420, 4, 4, 538, 1122, 2380, 1.79089, 0.0761393, 0.447106, 19
8.28591, 1070421, 6, 7, 10486, 22285, 61180, 1.59057, 0.144342, 0.627598, 18
8.24805, 1070422, 6, 6, 3438, 6723, 16775, 2.76456, 0.0982177, 0.246521, 15
8.14247, 1070423, 7, 7, 6439, 17330, 45135, 3.07325, 0.129384, 0.118658, 16
8.39036, 1070424, 3, 5, 2458, 4490, 6712, 2.59849, 0.21837, 0.358024, 12
8.15045, 1070425, 3, 5, 2565, 3823, 6182, 3.84988, 0.800908, 0.400505, 20
8.4348, 1070426, 3, 4, 1075, 3207, 6169, 2.81731, 0.327786, 0.214756, 18
8.16492, 1070427, 5, 7, 4772, 8529, 15285, 2.96661, 0.95695, 0.578232, 17
8.31158, 1070428, 6, 6, 2831, 7368, 12105, 1.61362, 0.849881, 0.690051, 19
8.27297, 1070429, 3, 6, 6064, 13302, 19793, 3.30541, 0.900996, 0.550453, 21
8.33077, 1070430, 3, 4, 687, 1498, 3410, 1.16751, 0.670516, 0.0802448, 3
8.20734, 1070431, 7, 7, 5338, 10024, 28460, 1.54463, 0.0907065, 0.0210132, 13
8.34336, 1070432, 3, 5, 1511, 4398, 10631, 2.57075, 0.0728513, 0.205452, 3
8.34504, 1070433, 4, 5, 2732, 5996, 9494, 2.49348, 0.252861, 0.93467, 20
8.30179, 1070434, 7, 7, 5424, 8301, 21274, 2.83667, 0.119271, 0.752474, 11
8.3631, 1070435, 4, 5, 1067, 2566, 5751, 3.30695, 0.620889, 0.325642, 21
8.21837, 1070436, 5, 7, 6395, 18885, 36969, 1.80775, 0.271677, 0.628198, 3
8.17079, 1070437, 5, 7, 9268, 19068, 52351, 3.61963, 0.720192, 0.915888, 5
8.40371, 1070438, 3, 3, 178, 479, 559, 3.39352, 0.423846, 0.543985, 3
8.13711, 1070439, 6, 7, 4358, 9794, 28319, 3.02831, 0.120613, 0.926564, 10
8.42494, 1070440, 4, 4, 443, 668, 1225, 3.02017, 0.930107, 0.417348, 21
8.26922, 1070441, 4, 6, 4437, 10787, 21440, 1.04413, 0.544149, 0.409366, 3
8.24748, 1070442, 5, 6, 4156, 12393, 32322, 1.05037, 0.966156, 0.29916, 2
8.33319, 1070443, 4, 5, 1344, 3198, 3693, 1.0703, 0.129604, 0.212121, 3
8.29345, 1070444, 3, 5, 1433, 4038, 10087, 1.17211, 0.698921, 0.855979, 10
8.24353, 1070445, 3, 5, 1661, 2451, 4696, 1.32266, 0.717036, 0.0220197, 3
8.29508, 1070446, 5, 6, 4544, 6365, 12082, 3.11967, 0.119055, 0.914971, 21
8.34783, 1070447, 3, 5, 2457, 3175, 4617, 2.19463, 0.696092, 0.171134, 3
8.24036, 1070448, 3, 4, 733, 1904, 2206, 1.44893, 0.535297, 0.427457, 3
8.3156, 1070449, 4, 5, 2424, 2843, 6976, 1.38172, 0.396441, 0.0450528, 8
8.22585, 1070450, 6, 7, 7575, 20168, 59879, 3.28615, 0.363664, 0.662701, 21
8.26686, 1070451, 5, 7, 9217, 15847, 32812, 3.45437, 0.65181, 0.127591, 17
8.35202, 1070452, 4, 4, 353, 953, 1299, 3.94421, 0.356133, 0.539726, 3
8.42646, 1070453, 4, 5, 2208, 2339, 4595, 2.98179, 0.171609, 0.481197, 6
8.15887, 1070454, 4, 7, 12780, 17267, 24062, 2.21868, 0.483584, 0.56311, 4
8.23311, 1070455, 5, 7, 8799, 15164, 29842, 1.59843, 0.0711632, 0.132001, 8
8.38895, 1070456, 3, 3, 195, 303, 820, 3.45598, 0.428338, 0.246083, 6
8.25393, 1070457, 3, 7, 11883, 25159, 41784, 1.75594, 0.121413, 0.742922, 7
8.34381, 1070458, 3, 5, 2502, 4323, 12400, 1.98231, 0.642032, 0.776126, 20
8.20153, 1070459, 4, 5, 1924, 5308, 14084, 1.84641, 0.189093, 0.119002, 4
8.17438, 1070460, 3, 6, 3593, 8957, 26804, 1.37045, 0.52674, 0.321811, 12
8.21386, 1070461, 4, 7, 9783, 29106, 36594, 1.87318, 0.00378531, 0.764749, 18
8.1523, 1070462, 3, 5, 1642, 2587, 4193, 3.34126, 0.546476, 0.562797, 8
8.28071, 1070463, 4, 6, 2496, 6124, 15877, 1.61168, 0.511531, 0.197628, 13
8.23587, 1070464, 5, 5, 1719, 2238, 3353, 2.85589, 0.437492, 0.698452, 8
8.46402, 1070465, 4, 4, 799, 955, 1807, 1.37508, 0.361144, 0.98506, 3
8.09699, 1070466, 4, 6, 5722, 7711, 16368, 2.12886, 0.28658, 0.873158, 16
8.30404, 1070467, 3, 6, 3951, 7371, 14948, 3.99612, 0.137032, 0.621332, 11
8.22294, 1070468, 5, 7, 4998, 7096, 14304, 1.95505, 0.489576, 0.387928, 18
8.36993, 1070469, 4, 5, 980, 1228, 1662, 3.61406, 0.330918, 0.757793, 5
8.35512, 1070470, 6, 7, 3860, 5267, 7328, 2.38156, 0.985145, 0.144743, 15
8.20583, 1070471, 4, 4, 650, 1198, 2967, 1.41473, 0.314, 0.345787, 12
8.36113, 1070472, 3, 3, 160, 495, 962, 3.17727, 0.841802, 0.548433, 3
8.37152, 1070473, 5, 6, 5213, 12002, 28065, 2.637, 0.92671, 0.323954, 9
8.20679, 1070474, 4, 7, 5669, 9588, 25904, 1.36096, 0.446301, 0.800351, 5
8.20593, 1070475, 6, 7, 9415, 26239, 55511, 2.44337, 0.132452, 0.0699604, 3
8.33352, 1070476, 4, 4, 537, 1556, 1965, 3.53038, 0.447644, 0.903626, 17
8.21039, 1070477, 6, 6, 3809, 10316, 27825, 2.96388, 0.638291, 0.947343, 3
8.14117, 1070478, 3, 5, 2554, 6067, 11234, 3.10639, 0.0829233, 0.842651, 15
8.26919, 1070479, 5, 5, 1133, 2363, 3197, 3.42717, 0.316423, 0.318595, 4
8.13165, 1070480, 5, 7, 4983, 12053, 17445, 1.00817, 0.906117, 0.651222, 13
8.20267, 1070481, 6, 7, 11202, 18092, 25678, 1.12507, 0.0394321, 0.069216, 14
8.35011, 1070482, 3, 3, 137, 299, 893, 3.42914, 0.312093, 0.195982, 21
8.42075, 1070483, 5, 6, 3222, 4843, 9996, 2.14694, 0.16768, 0.935298, 20
8.29715, 1070484, 4, 7, 9818, 20046, 52161, 3.15822, 0.121486, 0.403083, 8
8.18397, 1070485, 3, 7, 7273, 20445, 25260, 1.80169, 0.797741, 0.407683, 5
8.26798, 1070486, 3, 3, 225, 463, 621, 2.68496, 0.968983, 0.533305, 3
8.23053, 1070487, 3, 6, 6624, 14724, 20229, 2.18549, 0.658168, 0.0730753, 13
8.39367, 1070488, 3, 6, 4215, 5876, 7616, 2.7041, 0.662557, 0.960865, 4
8.29451, 1070489, 4, 6, 6260, 18161, 28089, 1.10869, 0.790092, 0.83739, 7
8.28759, 1070490, 3, 3, 253, 411, 739, 1.82339, 0.101577, 0.353347, 8
8.39785, 1070491, 6, 6, 1348, 1885, 3207, 3.18062, 0.30511, 0.911077, 16
8.20177, 1070492, 4, 6, 5251, 15103, 24038, 2.77076, 0.861566, 0.187559, 7
8.33615, 1070493, 7, 7, 4459, 8988, 16675, 3.78555, 0.53873, 0.653753, 12
8.2747, 1070494, 3, 5, 2381, 5648, 6005, 1.23549, 0.429876, 0.911655, 16
8.33396, 1070495, 4, 4, 351, 768, 1966, 1.60261, 0.649332, 0.954212, 16
8.32435, 1070496, 6, 6, 2630, 7675, 14630, 1.05525, 0.799491, 0.5821, 16
8.33743, 1070497, 5, 7, 5861, 7637, 12125, 2.07012, 0.0951221, 0.217637, 2
8.32338, 1070498, 4, 4, 745, 1107, 1883, 3.56998, 0.7918, 0.871488, 2
8.43356, 1070499, 3, 4, 618, 1174, 2501, 3.06302, 0.599792, 0.0571125, 4
8.52297, 1070500, 4, 5, 1329, 1867, 2086, 2.51743, 0.446876, 0.803237, 6
8.2833, 1070501, 3, 7, 10003, 29167, 75958, 1.24483, 0.937694, 0.0062285, 18
8.23771, 1070502, 5, 6, 5646, 16692, 34944, 2.22378, 0.563081, 0.32777, 16
8.28121, 1070503, 6, 6, 3068, 4857, 11578, 3.1531, 0.0659454, 0.0393382, 9
8.3679, 1070504, 3, 5, 1118, 1496, 3203, 2.11725, 0.550382, 0.399557, 9
8.18694, 1070505, 3, 6, 6676, 9806, 12398, 1.80288, 0.714224, 0.502011, 9
8.43471, 1070506, 4, 4, 553, 1486, 3347, 1.9142, 0.981904, 0.969509, 11
8.23683, 1070507, 3, 7, 12722, 15856, 44639, 1.77892, 0.302674, 0.846923, 12
8.32892, 1070508, 4, 6, 3879, 11195, 25671, 1.58545, 0.285712, 0.0478157, 14
8.42002, 1070509, 3, 5, 1337, 2397, 6721, 3.56253, 0.151791, 0.483881, 21
8.31346, 1070510, 5, 6, 5366, 6317, 17774, 2.50712, 0.980191, 0.38627, 10
8.41935, 1070511, 4, 4, 743, 1885, 3401, 1.64522, 0.381833, 0.030862, 20
8.37329, 1070512, 4, 6, 3416, 3835, 6059, 3.84969, 0.961527, 0.527926, 12
8.51433, 1070513, 3, 4, 427, 680, 779, 1.58042, 0.213967, 0.502775, 20
8.27815, 1070514, 5, 5, 1174, 2080, 4566, 1.42651, 0.345646, 0.678355, 14
8.50224, 1070515, 3, 5, 2390, 4109, 10543, 1.92657, 0.0642532, 0.00817845, 2
8.26837, 1070516, 5, 7, 8831, 25109, 47844, 3.90376, 0.608713, 0.0800812, 11
8.28143, 1070517, 3, 5, 1960, 2526, 5891, 1.77601, 0.00350492, 0.273266, 20
8.34077, 1070518, 4, 4, 812, 1170, 1450, 3.91543, 0.875914, 0.117215, 21
8.34644, 1070519, 6, 6, 2568, 5871, 10549, 3.7756, 0.735029, 0.908892, 13
8.29065, 1070520, 4, 5, 2203, 4298, 9374, 2.33817, 0.904001, 0.136399, 2
8.15782, 1070521, 6, 7, 10589, 13973, 17520, 3.0167, 0.499148, 0.34685, 9
8.42322, 1070522, 3, 3, 219, 572, 1552, 1.5339, 0.261243, 0.232929, 4
8.35878, 1070523, 4, 4, 652, 1298, 2950, 3.45522, 0.198268, 0.469335, 12
8.3018, 1070524, 3, 4, 757, 1913, 2147, 3.20006, 0.451917, 0.622638, 2
8.34588, 1070525, 3, 3, 232, 495, 1326, 3.92951, 0.820548, 0.416529, 10
8.14693, 1070526, 6, 6, 3998, 9911, 16165, 3.23567, 0.304878, 0.609544, 13
8.33991, 1070527, 7, 7, 6382, 16215, 27185, 1.90658, 0.663487, 0.155995, 16
8.23358, 1070528, 5, 5, 1195, 1389, 1529, 1.30861, 0.104331, 0.770942, 8
8.36809, 1070529, 5, 6, 4124, 7960, 10922, 3.16128, 0.954076, 0.535437, 6
8.14887, 1070530, 3, 7, 6429, 15071, 35856, 3.98603, 0.57825, 0.0563953, 4
8.36531, 1070531, 3, 4, 702, 1608, 4558, 3.09844, 0.556682, 0.249441, 18
8.33764, 1070532, 4, 4, 609, 1203, 2219, 3.0027, 0.871356, 0.0659296, 9
8.1667, 1070533, 4, 4, 490, 1170, 2183, 3.09667, 0.20818, 0.0987567, 13
8.28393, 1070534, 5, 5, 1611, 4484, 9749, 2.34529, 0.300409, 0.755911, 6
8.34751, 1070535, 7, 7, 3579, 5815, 6660, 2.86969, 0.674658, 0.721762, 19
8.13475, 1070536, 3, 5, 2977, 8835, 15630, 3.85469, 0.548446, 0.660494, 21
8.1661, 1070537, 6, 6, 2708, 6975, 13542, 1.4369, 0.0717949, 0.270073, 11
8.36233, 1070538, 6, 6, 1480, 4037, 7855, 2.5921, 0.960313, 0.194822, 19
8.2454, 1070539, 7, 7, 3338, 7262, 11976, 3.04605, 0.772628, 0.747527, 19
8.30807, 1070540, 5, 7, 4569, 11519, 31119, 1.23625, 0.304602, 0.960277, 8
8.29601, 1070541, 7, 7, 4176, 4319, 10504, 3.36083, 0.745889, 0.305, 18
8.30133, 1070542, 3, 3, 255, 369, 727, 2.43798, 0.0819982, 0.905551, 7
8.16869, 1070543, 4, 7, 11584, 26666, 30170, 1.34489, 0.036006, 0.481119, 6
8.28786, 1070544, 4, 6, 4255, 9260, 22120, 2.12907, 0.7659, 0.360417, 16
8.2571, 1070545, 3, 7, 7290, 17394, 33631, 2.34065, 0.370416, 0.342709, 9
8.43218, 1070546, 6, 6, 2134, 2877, 3555, 2.85718, 0.0477667, 0.0226271, 17
8.22684, 1070547, 7, 7, 3006, 8968, 13368, 1.83037, 0.0377585, 0.112391, 12
8.2724, 1070548, 4, 6, 6403, 17222, 40416, 2.02972, 0.0934104, 0.0975305, 9
8.32171, 1070549, 5, 5, 830, 1708, 4363, 2.79718, 0.582834, 0.673426, 13
8.27976, 1070550, 3, 7, 9090, 24544, 49373, 1.4005, 0.722129, 0.758222, 4
8.30468, 1070551, 3, 5, 1586, 2733, 5286, 3.63157, 0.0539166, 0.528738, 20
8.3151, 1070552, 3, 6, 3524, 8986, 17043, 1.71777, 0.251427, 0.614375, 19
8.22921, 1070553, 4, 6, 6761, 16481, 18014, 1.60377, 0.654693, 0.214996, 5
8.17932, 1070554, 5, 6, 3800, 8407, 14649, 1.42205, 0.293278, 0.334772, 10
8.37937, 1070555, 4, 5, 1953, 3595, 8993, 1.36144, 0.685336, 0.88766, 16
8.28025, 1070556, 4, 4, 683, 1244, 2688, 2.06327, 0.475816, 0.819312, 17
8.31881, 1070557, 5, 6, 2779, 3635, 8470, 2.50081, 0.497742, 0.69355, 8
8.22569, 1070558, 3, 5, 2682, 3687, 7800, 3.6451, 0.516371, 0.85546, 21
8.32339, 1070559, 5, 6, 4548, 10298, 26687, 2.43695, 0.791709, 0.787825, 14
8.31435, 1070560, 3, 6, 2372, 5912, 10469, 3.6916, 0.501889, 0.155736, 4
8.46438, 1070561, 4, 5, 1160, 1992, 5857, 2.71928, 0.984058, 0.447549, 14
8.41433, 1070562, 4, 4, 493, 925, 2570, 1.92716, 0.0728607, 0.827878, 18
8.36892, 1070563, 3, 7, 6266, 7727, 12633, 2.59013, 0.818379, 0.0280326, 20
8.39398, 1070564, 3, 4, 768, 2077, 3125, 1.52996, 0.561387, 0.498134, 3
8.38966, 1070565, 4, 4, 325, 953, 2107, 2.90108, 0.391787, 0.224613, 11
8.17433, 1070566, 3, 7, 10443, 21967, 27243, 3.1999, 0.519535, 0.138576, 10
8.39065, 1070567, 3, 3, 119, 199, 446, 2.15164, 0.179487, 0.488744, 9
8.28082, 1070568, 3, 3, 95, 304, 632, 3.7336, 0.576778, 0.461886, 16
8.23848, 1070569, 3, 6, 4158, 12500, 33999, 2.17797, 0.83001, 0.726944, 13
8.34099, 1070570, 3, 3, 114, 201, 546, 3.0836, 0.154263, 0.770441, 10
8.2017, 1070571, 3, 3, 102, 187, 460, 1.69849, 0.970157, 0.116574, 3
8.23192, 1070572, 4, 5, 2450, 6991, 11028, 1.24597, 0.165464, 0.214165, 9
8.41091, 1070573, 6, 6, 2395, 3322, 6303, 1.38903, 0.992974, 0.624524, 19
8.36222, 1070574, 4, 4, 325, 387, 705, 3.84534, 0.621319, 0.032116, 7
8.42088, 1070575, 3, 4, 548, 1269, 3569, 2.16784, 0.620623, 0.223507, 2
8.34308, 1070576, 7, 7, 4197, 5434, 10668, 3.88494, 0.501947, 0.0339759, 7
8.21944, 1070577, 3, 6, 5854, 17471, 23202, 3.41745, 0.540288, 0.195086, 10
8.20875, 1070578, 4, 7, 10319, 26384, 41375, 1.73279, 0.721733, 0.935874, 15
8.29617, 1070579, 3, 6, 6632, 11790, 21548, 2.22652, 0.46052, 0.564513, 15
8.29174, 1070580, 3, 3, 269, 717, 2054, 3.75258, 0.95519, 0.987607, 12
8.2237, 1070581, 5, 6, 5748, 6693, 6935, 3.15917, 0.0853551, 0.464766, 2
8.35868, 1070582, 5, 5, 1174, 1628, 2546, 3.64124, 0.741853, 0.40304, 20
8.35927, 1070583, 3, 4, 721, 2012, 4601, 1.98251, 0.818281, 0.799204, 5
8.25604, 1070584, 3, 7, 11029, 28323, 71491, 2.85978, 0.276111, 0.49213, 21
8.14372, 1070585, 5, 6, 4654, 6730, 11498, 2.54743, 0.856291, 0.867083, 13
8.28426, 1070586, 5, 6, 2382, 3001, 4626, 2.23254, 0.0587088, 0.274132, 2
8.28191, 1070587, 3, 4, 900, 1393, 2674, 1.84468, 0.196955, 0.09821, 15
8.45143, 1070588, 5, 5, 1387, 2970, 6781, 1.49421, 0.991165, 0.400077, 6
8.40194, 1070589, 3, 5, 1267, 2022, 5780, 2.59369, 0.284549, 0.48375, 9
8.23399, 1070590, 6, 6, 3342, 4758, 7646, 3.44657, 0.0215487, 0.252275, 19
8.28422, 1070591, 6, 7, 6196, 12984, 25854, 1.22627, 0.464575, 0.754502, 19
8.36287, 1070592, 5, 7, 5602, 9174, 16787, 2.21714, 0.112376, 0.265244, 6
8.20065, 1070593, 3, 5, 1763, 4693, 8732, 3.06031, 0.784626, 0.306079, 9
8.34548, 1070594, 3, 6, 2865, 5354, 9792, 3.66445, 0.346898, 0.957014, 3
8.40836, 1070595, 3, 4, 391, 879, 1207, 2.3674, 0.814417, 0.0289136, 12
8.32767, 1070596, 7, 7, 6675, 14352, 41582, 1.16069, 0.78026, 0.919292, 6
8.26152, 1070597, 4, 7, 11428, 32570, 48210, 1.43987, 0.581694, 0.523924, 11
8.25861, 1070598, 4, 6, 2702, 6785, 15306, 2.44086, 0.650307, 0.145593, 21
8.21077, 1070599, 3, 7, 9025, 26440, 67898, 1.88072, 0.435153, 0.362909, 14
8.20568, 1070600, 3, 7, 14365, 14420, 32422, 1.79632, 0.573662, 0.320276, 8
8.36253, 1070601, 3, 4, 701, 1250, 1481, 1.19188, 0.824669, 0.0372835, 5
8.47754, 1070602, 6, 6, 1987, 3042, 6306, 2.74218, 0.38271, 0.618343, 7
8.21946, 1070603, 7, 7, 3228, 9003, 10050, 3.92267, 0.844345, 0.160486, 10
8.3402, 1070604, 3, 6, 5751, 11480, 34038, 2.49264, 0.374253, 0.948098, 2
8.56407, 1070605, 3, 4, 857, 2256, 3119, 1.53788, 0.976778, 0.208632, 15
8.14759, 1070606, 7, 7, 5743, 13014, 30334, 3.35409, 0.783304, 0.928536, 19
8.50569, 1070607, 5, 5, 1802, 2107, 5130, 2.08098, 0.505676, 0.0307887, 7
8.34224, 1070608, 3, 5, 1998, 4221, 12189, 1.69702, 0.603658, 0.520568, 14
8.16213, 1070609, 5, 7, 4509, 9648, 17761, 2.27946, 0.383712, 0.319845, 11
8.41303, 1070610, 7, 7, 4998, 7667, 19298, 1.62003, 0.496693, 0.00957945, 16
8.38816, 1070611, 4, 5, 2422, 3397, 9955, 3.91412, 0.0173847, 0.46734, 4
8.23293, 1070612, 5, 5, 1139, 2066, 2429, 3.43568, 0.771308, 0.639678, 21
8.34397, 1070613, 3, 3, 179, 387, 1174, 1.72059, 0.215538, 0.790909, 14
8.28443, 1070614, 4, 6, 3732, 8733, 23736, 2.46042, 0.806783, 0.709102, 21
8.40486, 1070615, 4, 5, 939, 1444, 2264, 2.44892, 0.0768137, 0.550238, 3
8.27923, 1070616, 4, 4, 522, 1503, 2155, 3.32631, 0.0745729, 0.283971, 2
8.20962, 1070617, 3, 7, 11402, 18499, 38352, 3.08805, 0.213898, 0.904214, 9
8.20882, 1070618, 3, 7, 5468, 6724, 7931, 1.5881, 0.553478, 0.478674, 3
8.40342, 1070619, 7, 7, 3049, 3811, 11179, 2.00639, 0.758631, 0.266468, 5
8.31294, 1070620, 3, 6, 4735, 14127, 14570, 3.09361, 0.174321, 0.810638, 2
8.25914, 1070621, 6, 6, 2344, 4451, 4493, 1.18092, 0.805239, 0.292837, 20
8.36047, 1070622, 3, 4, 506, 666, 712, 1.05504, 0.20774, 0.0416947, 9
8.41778, 1070623, 3, 5, 1181, 3372, 5690, 1.05272, 0.456612, 0.938251, 4
8.19841, 1070624, 7, 7, 7096, 10436, 14563, 1.90588, 0.72388, 0.962737, 2
8.37065, 1070625, 3, 3, 156, 431, 1079, 2.80353, 0.813228, 0.974972, 19
8.28706, 1070626, 6, 6, 1515, 4459, 11145, 1.54554, 0.435826, 0.968029, 8
8.25727, 1070627, 5, 7, 8094, 21882, 51376, 2.74518, 0.856852, 0.0464728, 2
8.28781, 1070628, 7, 7, 6977, 7034, 9697, 2.4754, 0.958708, 0.689248, 5
8.31208, 1070629, 5, 6, 4167, 5746, 7219, 3.99568, 0.954826, 0.868602, 9
8.2522, 1070630, 4, 5, 1166, 2998, 5961, 2.79776, 0.322761, 0.369983, 6
8.43446, 1070631, 3, 3, 147, 356, 1094, 3.75352, 0.495129, 0.76764, 14
8.17965, 1070632, 5, 5, 825, 2060, 3325, 3.16937, 0.157972, 0.949719, 4
8.14222, 1070633, 3, 6, 3962, 9345, 17230, 3.39952, 0.667907, 0.526178, 2
8.18208, 1070634, 5, 6, 4262, 12100, 28382, 2.83005, 0.311396, 0.304961, 4
8.208, 1070635, 3, 5, 1764, 2198, 6023, 2.85412, 0.668584, 0.233149, 14
8.17092, 1070636, 3, 7, 12243, 29363, 68700, 1.12395, 0.863928, 0.997964, 7
8.26514, 1070637, 3, 6, 6618, 7893, 19305, 1.20599, 0.576611, 0.15141, 14
8.28959, 1070638, 5, 6, 2723, 7526, 19304, 3.75892, 0.513558, 0.997296, 2
8.25659, 1070639, 4, 7, 9929, 10756, 12756, 2.3804, 0.807435, 0.536041, 14
8.41901, 1070640, 3, 4, 488, 891, 946, 2.71224, 0.950237, 0.944991, 16
8.2559, 1070641, 4, 5, 2591, 5469, 14276, 1.99975, 0.489138, 0.759655, 21
8.41197, 1070642, 3, 3, 140, 433, 1232, 3.96582, 0.76768, 0.791929, 11
8.38895, 1070643, 3, 5, 1360, 4030, 9628, 3.45547, 0.18845, 0.656599, 17
8.21832, 1070644, 7, 7, 5112, 7082, 12429, 3.72945, 0.851366, 0.774595, 7
8.20817, 1070645, 4, 7, 9490, 22102, 38889, 3.37683, 0.860734, 0.0966917, 21
8.25399, 1070646, 3, 4, 724, 2037, 5215, 1.07043, 0.422707, 0.380829, 3
8.31049, 1070647, 3, 5, 1078, 2493, 3209, 3.07012, 0.719528, 0.796959, 2
8.34937, 1070648, 7, 7, 3422, 3760, 7359, 2.16529, 0.928985, 0.622909, 8
8.17046, 1070649, 3, 5, 2546, 4841, 12176, 3.57428, 0.0992625, 0.398908, 18
8.28518, 1070650, 3, 4, 795, 2300, 5955, 1.4097, 0.675402, 0.269779, 9
8.19058, 1070651, 4, 5, 1509, 2311, 6352, 2.60659, 0.962872, 0.943162, 4
8.44704, 1070652, 4, 4, 435, 694, 1420, 1.2022, 0.336427, 0.194338, 2
8.18358, 1070653, 4, 5, 2003, 4569, 11992, 3.43761, 0.400508, 0.939854, 21
8.31174, 1070654, 6, 7, 6321, 14145, 21355, 2.49049, 0.888362, 0.281886, 20
8.22088, 1070655, 6, 7, 10676, 21166, 47070, 2.86562, 0.926454, 0.182819, 15
8.39235, 1070656, 5, 5, 1473, 1726, 5039, 3.97106, 0.836082, 0.995689, 16
8.23295, 1070657, 4, 7, 5832, 14191, 15738, 1.05207, 0.198202, 0.987806, 19
8.18107, 1070658, 3, 6, 3272, 9617, 9898, 2.83873, 0.571858, 0.265541, 12
8.17149, 1070659, 3, 7, 10829, 17389, 41264, 1.93417, 0.914065, 0.552425, 19
8.15788, 1070660, 5, 7, 5671, 8460, 17953, 1.61438, 0.253931, 0.390963, 17
8.55044, 1070661, 3, 4, 889, 1203, 1752, 3.78753, 0.0320573, 0.344314, 10
8.42819, 1070662, 3, 3, 125, 234, 462, 3.26288, 0.649839, 0.944159, 14
8.27958, 1070663, 5, 5, 939, 2440, 3683, 2.61029, 0.0866991, 0.945942, 13
8.18502, 1070664, 3, 7, 10567, 21227, 50411, 2.0576, 0.546668, 0.68147, 10
8.34324, 1070665, 4, 4, 711, 1629, 3108, 3.20778, 0.364794, 0.318203, 12
8.25408, 1070666, 3, 5, 2453, 5641, 11628, 1.23573, 0.224813, 0.625836, 13
8.25798, 1070667, 3, 3, 233, 697, 1424, 3.26375, 0.178653, 0.905071, 5
8.23939, 1070668, 3, 7, 5411, 9358, 25189, 2.97838, 0.600536, 0.574089, 5
8.3312, 1070669, 3, 6, 3031, 6855, 13129, 2.36094, 0.246234, 0.479794, 10
8.28093, 1070670, 7, 7, 3105, 8454, 18014, 3.44649, 0.622958, 0.601084, 2
8.31671, 1070671, 3, 4, 717, 1627, 4702, 3.5947, 0.717909, 0.661721, 8
8.34385, 1070672, 7, 7, 3071, 4613, 13811, 1.68392, 0.266112, 0.761224, 4
8.4929, 1070673, 3, 3, 138, 439, 1273, 3.94477, 0.691007, 0.516406, 17
8.35011, 1070674, 3, 3, 191, 452, 1261, 3.76334, 0.693057, 0.724975, 3
8.23377, 1070675, 4, 5, 2395, 4456, 10050, 1.91563, 0.904039, 0.686365, 15
8.28045, 1070676, 5, 5, 1741, 2816, 7572, 2.2299, 0.693778, 0.371327, 16
8.30187, 1070677, 5, 5, 1226, 2617, 6923, 3.89387, 0.781632, 0.603417, 3
8.49565, 1070678, 4, 7, 5477, 5847, 13534, 3.01195, 0.460488, 0.698978, 21
8.25277, 1070679, 4, 7, 8547, 12235, 23262, 3.69826, 0.514091, 0.691773, 15
8.33798, 1070680, 4, 4, 344, 845, 1860, 1.43076, 0.559042, 0.494174, 9
8.39206, 1070681, 4, 4, 694, 1305, 1954, 3.02529, 0.0283684, 0.121533, 16
8.39319, 1070682, 4, 4, 283, 650, 1439, 3.60392, 0.400282, 0.122741, 5
8.09699, 1070683, 5, 7, 11113, 32552, 46416, 3.79635, 0.281998, 0.679292, 20
8.2681, 1070684, 3, 7, 4952, 12061, 27983, 3.95968, 0.578786, 0.0543128, 18
8.24837, 1070685, 3, 3, 136, 329, 780, 2.81976, 0.116611, 0.661365, 10
8.35895, 1070686, 4, 6, 4041, 11502, 14390, 1.78067, 0.335462, 0.727548, 11
8.23285, 1070687, 3, 7, 10006, 13310, 18008, 1.69438, 0.575297, 0.171732, 19
8.22079, 1070688, 5, 6, 3599, 9199, 24646, 1.94548, 0.771495, 0.268583, 4
8.42498, 1070689, 3, 3, 240, 438, 766, 2.14539, 0.221148, 0.0973542, 9
8.36342, 1070690, 3, 5, 1971, 3993, 8859, 1.04844, 0.0971525, 0.912081, 8
8.27362, 1070691, 3, 3, 256, 703, 2103, 2.23742, 0.476549, 0.527612, 14
8.24178, 1070692, 4, 7, 10821, 23952, 50410, 2.84869, 0.376779, 0.332299, 8
8.44413, 1070693, 3, 3, 241, 505, 1197, 2.20046, 0.512667, 0.0457631, 14
8.25602, 1070694, 3, 7, 13013, 13395, 38533, 1.64195, 0.904445, 0.186542, 12
8.33105, 1070695, 6, 6, 1997, 5426, 12410, 2.84101, 0.343173, 0.668202, 4
8.29051, 1070696, 5, 5, 1461, 2926, 6148, 3.54744, 0.835036, 0.478767, 7
8.19984, 1070697, 3, 7, 11748, 15221, 26344, 1.1265, 0.384368, 0.317701, 2
8.3244, 1070698, 6, 6, 3506, 5710, 12015, 1.04197, 0.31432, 0.675344, 10
8.42965, 1070699, 3, 4, 901, 2421, 4985, 1.75039, 0.281182, 0.50285, 21
8.14166, 1070700, 6, 7, 11044, 22906, 31793, 2.67766, 0.323092, 0.240963, 5
8.27063, 1070701, 4, 6, 5911, 11360, 27574, 2.52511, 0.0991386, 0.822256, 8
8.41954, 1070702, 4, 4, 554, 1277, 1402, 2.70468, 0.49975, 0.0210337, 18
8.22035, 1070703, 4, 5, 1689, 2368, 2755, 3.0503, 0.255319, 0.296496, 16
8.29106, 1070704, 5, 5, 1949, 5567, 8835, 2.58843, 0.440241, 0.424302, 16
8.34703, 1070705, 3, 3, 223, 564, 982, 1.14213, 0.424284, 0.956655, 15
8.37493, 1070706, 5, 5, 961, 2260, 4208, 3.30565, 0.234935, 0.167762, 7
8.33348, 1070707, 3, 3, 249, 552, 1479, 2.37728, 0.737513, 0.832449, 16
8.2498, 1070708, 5, 6, 3009, 5983, 15201, 3.32774, 0.248974, 0.705247, 11
8.14551, 1070709, 6, 7, 7214, 10721, 31839, 3.44853, 0.454072, 0.161377, 3
8.15311, 1070710, 4, 7, 10691, 23882, 64144, 3.75229, 0.965694, 0.997479, 13
8.33544, 1070711, 4, 5, 2411, 2551, 5804, 1.57254, 0.703154, 0.465715, 6
8.41354, 1070712, 4, 4, 543, 1283, 3275, 1.06378, 0.570318, 0.493277, 14
8.20425, 1070713, 3, 5, 2562, 5938, 17523, 1.33603, 0.993754, 0.5816, 11
8.30628, 1070714, 4, 5, 1732, 3055, 3523, 2.17042, 0.525057, 0.633983, 12
8.26894, 1070715, 7, 7, 7315, 19635, 35984, 1.6861, 0.668998, 0.148005, 11
8.33438, 1070716, 6, 7, 9510, 12772, 20281, 1.84486, 0.155288, 0.875731, 12
8.49061, 1070717, 3, 3, 189, 552, 718, 2.31278, 0.0143157, 0.407795, 17
8.23332, 1070718, 5, 7, 11968, 22212, 39826, 1.66988, 0.450585, 0.622867, 3
8.25081, 1070719, 7, 7, 3799, 5486, 9504, 1.3967, 0.259665, 0.551877, 7
8.27229, 1070720, 3, 6, 2783, 6039, 14629, 1.18039, 0.779403, 0.255643, 13
8.24068, 1070721, 3, 3, 112, 184, 282, 3.87055, 0.552113, 0.132797, 2
8.41493, 1070722, 6, 6, 2182, 3829, 5827, 3.55283, 0.737889, 0.55094, 11
8.21983, 1070723, 7, 7, 2987, 3189, 7423, 2.68981, 0.71646, 0.466126, 3
